Workbook
Name CalStartYear: #REF!
Name CalStartYear: #REF!
Name Coll_per: #REF!
Name Coll_per: #REF!
Name Gas_Coll: #REF!
Name Gas_Coll: #REF!
Name HR_Coll: #REF!
Name HR_Coll: #REF!

Sheet Aztec Metered Load
A1: CUSTOMER'S METERED LOAD | C1: =SUM(C7:C726) -> 2792.038 | D1: City of Aztec Meter
D2: AZT4908O81 (1)
C3: Transmission Losses | D3: 0
C4: Transformer Losses | D4: 0
A5: HOUR BEGINS | B5: HOUR ENDS | C5: TOTAL METERED LOAD with LOSSES (MWs) | D5: =SUM(D7:D726) -> 2792038 | G5: HOUR BEGINS | H5: HOUR ENDS | J5: Aztec Load
A7: 45748 | B7: =$A7+1/24 -> 45748.042 | C7: =SUM(D7)/1000 -> 3.311 | D7: =J7*(1+$D$3)*(1+$D$4) -> 3311 | G7: =A7 -> 45748 | H7: =B7 -> 45748.042 | J7: 3311
A8: =$A7+1/24 -> 45748.042 | B8: =$A8+1/24 -> 45748.083 | C8: =SUM(D8)/1000 -> 3.3 | D8: =J8*(1+$D$3)*(1+$D$4) -> 3300 | G8: =A8 -> 45748.042 | H8: =B8 -> 45748.083 | J8: 3300
A9: =$A8+1/24 -> 45748.083 | B9: =$A9+1/24 -> 45748.125 | C9: =SUM(D9)/1000 -> 3.367 | D9: =J9*(1+$D$3)*(1+$D$4) -> 3367 | G9: =A9 -> 45748.083 | H9: =B9 -> 45748.125 | J9: 3367
A10: =$A9+1/24 -> 45748.125 | B10: =$A10+1/24 -> 45748.167 | C10: =SUM(D10)/1000 -> 3.49 | D10: =J10*(1+$D$3)*(1+$D$4) -> 3490 | G10: =A10 -> 45748.125 | H10: =B10 -> 45748.167 | J10: 3490
A11: =$A10+1/24 -> 45748.167 | B11: =$A11+1/24 -> 45748.208 | C11: =SUM(D11)/1000 -> 3.763 | D11: =J11*(1+$D$3)*(1+$D$4) -> 3763 | G11: =A11 -> 45748.167 | H11: =B11 -> 45748.208 | J11: 3763
A12: =$A11+1/24 -> 45748.208 | B12: =$A12+1/24 -> 45748.25 | C12: =SUM(D12)/1000 -> 4.457 | D12: =J12*(1+$D$3)*(1+$D$4) -> 4457 | G12: =A12 -> 45748.208 | H12: =B12 -> 45748.25 | J12: 4457
A13: =$A12+1/24 -> 45748.25 | B13: =$A13+1/24 -> 45748.292 | C13: =SUM(D13)/1000 -> 4.721 | D13: =J13*(1+$D$3)*(1+$D$4) -> 4721 | G13: =A13 -> 45748.25 | H13: =B13 -> 45748.292 | J13: 4721
A14: =$A13+1/24 -> 45748.292 | B14: =$A14+1/24 -> 45748.333 | C14: =SUM(D14)/1000 -> 4.806 | D14: =J14*(1+$D$3)*(1+$D$4) -> 4806 | G14: =A14 -> 45748.292 | H14: =B14 -> 45748.333 | J14: 4806
A15: =$A14+1/24 -> 45748.333 | B15: =$A15+1/24 -> 45748.375 | C15: =SUM(D15)/1000 -> 5.014 | D15: =J15*(1+$D$3)*(1+$D$4) -> 5014 | G15: =A15 -> 45748.333 | H15: =B15 -> 45748.375 | J15: 5014
A16: =$A15+1/24 -> 45748.375 | B16: =$A16+1/24 -> 45748.417 | C16: =SUM(D16)/1000 -> 5.162 | D16: =J16*(1+$D$3)*(1+$D$4) -> 5162 | G16: =A16 -> 45748.375 | H16: =B16 -> 45748.417 | J16: 5162
A17: =$A16+1/24 -> 45748.417 | B17: =$A17+1/24 -> 45748.458 | C17: =SUM(D17)/1000 -> 4.751 | D17: =J17*(1+$D$3)*(1+$D$4) -> 4751 | G17: =A17 -> 45748.417 | H17: =B17 -> 45748.458 | J17: 4751
A18: =$A17+1/24 -> 45748.458 | B18: =$A18+1/24 -> 45748.5 | C18: =SUM(D18)/1000 -> 4.254 | D18: =J18*(1+$D$3)*(1+$D$4) -> 4254 | G18: =A18 -> 45748.458 | H18: =B18 -> 45748.5 | J18: 4254
A19: =$A18+1/24 -> 45748.5 | B19: =$A19+1/24 -> 45748.542 | C19: =SUM(D19)/1000 -> 3.949 | D19: =J19*(1+$D$3)*(1+$D$4) -> 3949 | G19: =A19 -> 45748.5 | H19: =B19 -> 45748.542 | J19: 3949
... A726: =$A725+1/24 -> 45777.958 | B726: =$A726+1/24 -> 45778 | C726: =SUM(D726)/1000 -> 3.208 | D726: =J726*(1+$D$3)*(1+$D$4) -> 3208 | G726: =A726 -> 45777.958 | H726: =B726 -> 45778 | J726: 3208
B732: TOTAL | C732: =SUM(C7:C726) -> 2792.038 | D732: =SUM(D7:D726) -> 2792038
B734: CHECK | C734: =SUM(D732:D732)/1000 -> 2792.038

Sheet Solar
H1: 1 | I1: 2 | J1: 3 | K1: 4 | L1: 5 | M1: 6 | N1: 7 | O1: 8 | P1: 9 | Q1: 10 | R1: 11 | S1: 12 | T1: 13 | U1: 14 | V1: 15 | W1: 16 | X1: 17 | Y1: 18 | Z1: 19 | AA1: 20 | AB1: 21 | AC1: 22 | AD1: 23 | AE1: 24
B2: DATE | C2: HE | D2: KWh | E2: MWh
B3: 45748 | C3: 1 | D3: 0 | E3: =D3/1000 -> 0
B4: =IF(C3=24,B3+1,B3) -> 45748 | C4: =IF(C3=24,1,C3+1) -> 2 | D4: 0 | E4: =D4/1000 -> 0
B5: =IF(C4=24,B4+1,B4) -> 45748 | C5: =IF(C4=24,1,C4+1) -> 3 | D5: 0 | E5: =D5/1000 -> 0 | J5: HE 1 | K5: HE 2 | L5: HE 3 | M5: HE 4 | N5: HE 5 | O5: HE 6 | P5: HE 7 | Q5: HE 8 | R5: HE 9 | S5: HE 10 | T5: HE 11 | U5: HE 12 | V5: HE 13 | W5: HE 14 | X5: HE 15 | Y5: HE 16 | Z5: HE 17 | AA5: HE 18 | AB5: HE 19 | AC5: HE 20 | AD5: HE 21 | AE5: HE 22 | AF5: HE 23 | AG5: HE 24 | AH5: Grand Total
B6: =IF(C5=24,B5+1,B5) -> 45748 | C6: =IF(C5=24,1,C5+1) -> 4 | D6: 0 | E6: =D6/1000 -> 0 | I6: 45748 | J6: =SUMIFS($D$3:$D$746,$B$3:$B$746,$I6,$C$3:$C$746,H$1) -> 0 | K6: =SUMIFS($D$3:$D$746,$B$3:$B$746,$I6,$C$3:$C$746,I$1) -> 0 | L6: =SUMIFS($D$3:$D$746,$B$3:$B$746,$I6,$C$3:$C$746,J$1) -> 0 | M6: =SUMIFS($D$3:$D$746,$B$3:$B$746,$I6,$C$3:$C$746,K$1) -> 0 | N6: =SUMIFS($D$3:$D$746,$B$3:$B$746,$I6,$C$3:$C$746,L$1) -> 0 | O6: =SUMIFS($D$3:$D$746,$B$3:$B$746,$I6,$C$3:$C$746,M$1) -> 0 | P6: =SUMIFS($D$3:$D$746,$B$3:$B$746,$I6,$C$3:$C$746,N$1) -> 40 | Q6: =SUMIFS($D$3:$D$746,$B$3:$B$746,$I6,$C$3:$C$746,O$1) -> 125 | ... AG6: =SUMIFS($D$3:$D$746,$B$3:$B$746,$I6,$C$3:$C$746,AE$1) -> 0 | AH6: =SUM(J6:AG6) -> 3336
B7: =IF(C6=24,B6+1,B6) -> 45748 | C7: =IF(C6=24,1,C6+1) -> 5 | D7: 0 | E7: =D7/1000 -> 0 | I7: =I6+1 -> 45749 | J7: =SUMIFS($D$3:$D$746,$B$3:$B$746,$I7,$C$3:$C$746,H$1) -> 0 | K7: =SUMIFS($D$3:$D$746,$B$3:$B$746,$I7,$C$3:$C$746,I$1) -> 0 | L7: =SUMIFS($D$3:$D$746,$B$3:$B$746,$I7,$C$3:$C$746,J$1) -> 0 | M7: =SUMIFS($D$3:$D$746,$B$3:$B$746,$I7,$C$3:$C$746,K$1) -> 0 | N7: =SUMIFS($D$3:$D$746,$B$3:$B$746,$I7,$C$3:$C$746,L$1) -> 0 | O7: =SUMIFS($D$3:$D$746,$B$3:$B$746,$I7,$C$3:$C$746,M$1) -> 0 | P7: =SUMIFS($D$3:$D$746,$B$3:$B$746,$I7,$C$3:$C$746,N$1) -> 54 | Q7: =SUMIFS($D$3:$D$746,$B$3:$B$746,$I7,$C$3:$C$746,O$1) -> 284 | ... AG7: =SUMIFS($D$3:$D$746,$B$3:$B$746,$I7,$C$3:$C$746,AE$1) -> 0 | AH7: =SUM(J7:AG7) -> 5688
B8: =IF(C7=24,B7+1,B7) -> 45748 | C8: =IF(C7=24,1,C7+1) -> 6 | D8: 0 | E8: =D8/1000 -> 0 | I8: =I7+1 -> 45750 | J8: =SUMIFS($D$3:$D$746,$B$3:$B$746,$I8,$C$3:$C$746,H$1) -> 0 | K8: =SUMIFS($D$3:$D$746,$B$3:$B$746,$I8,$C$3:$C$746,I$1) -> 0 | L8: =SUMIFS($D$3:$D$746,$B$3:$B$746,$I8,$C$3:$C$746,J$1) -> 0 | M8: =SUMIFS($D$3:$D$746,$B$3:$B$746,$I8,$C$3:$C$746,K$1) -> 0 | N8: =SUMIFS($D$3:$D$746,$B$3:$B$746,$I8,$C$3:$C$746,L$1) -> 0 | O8: =SUMIFS($D$3:$D$746,$B$3:$B$746,$I8,$C$3:$C$746,M$1) -> 0 | P8: =SUMIFS($D$3:$D$746,$B$3:$B$746,$I8,$C$3:$C$746,N$1) -> 48 | Q8: =SUMIFS($D$3:$D$746,$B$3:$B$746,$I8,$C$3:$C$746,O$1) -> 268 | ... AG8: =SUMIFS($D$3:$D$746,$B$3:$B$746,$I8,$C$3:$C$746,AE$1) -> 0 | AH8: =SUM(J8:AG8) -> 5126
B9: =IF(C8=24,B8+1,B8) -> 45748 | C9: =IF(C8=24,1,C8+1) -> 7 | D9: 40 | E9: =D9/1000 -> 0.04 | I9: =I8+1 -> 45751 | J9: =SUMIFS($D$3:$D$746,$B$3:$B$746,$I9,$C$3:$C$746,H$1) -> 0 | K9: =SUMIFS($D$3:$D$746,$B$3:$B$746,$I9,$C$3:$C$746,I$1) -> 0 | L9: =SUMIFS($D$3:$D$746,$B$3:$B$746,$I9,$C$3:$C$746,J$1) -> 0 | M9: =SUMIFS($D$3:$D$746,$B$3:$B$746,$I9,$C$3:$C$746,K$1) -> 0 | N9: =SUMIFS($D$3:$D$746,$B$3:$B$746,$I9,$C$3:$C$746,L$1) -> 0 | O9: =SUMIFS($D$3:$D$746,$B$3:$B$746,$I9,$C$3:$C$746,M$1) -> 0 | P9: =SUMIFS($D$3:$D$746,$B$3:$B$746,$I9,$C$3:$C$746,N$1) -> 54 | Q9: =SUMIFS($D$3:$D$746,$B$3:$B$746,$I9,$C$3:$C$746,O$1) -> 272 | ... AG9: =SUMIFS($D$3:$D$746,$B$3:$B$746,$I9,$C$3:$C$746,AE$1) -> 0 | AH9: =SUM(J9:AG9) -> 5875
B10: =IF(C9=24,B9+1,B9) -> 45748 | C10: =IF(C9=24,1,C9+1) -> 8 | D10: 125 | E10: =D10/1000 -> 0.125 | I10: =I9+1 -> 45752 | J10: =SUMIFS($D$3:$D$746,$B$3:$B$746,$I10,$C$3:$C$746,H$1) -> 0 | K10: =SUMIFS($D$3:$D$746,$B$3:$B$746,$I10,$C$3:$C$746,I$1) -> 0 | L10: =SUMIFS($D$3:$D$746,$B$3:$B$746,$I10,$C$3:$C$746,J$1) -> 0 | M10: =SUMIFS($D$3:$D$746,$B$3:$B$746,$I10,$C$3:$C$746,K$1) -> 0 | N10: =SUMIFS($D$3:$D$746,$B$3:$B$746,$I10,$C$3:$C$746,L$1) -> 0 | O10: =SUMIFS($D$3:$D$746,$B$3:$B$746,$I10,$C$3:$C$746,M$1) -> 0 | P10: =SUMIFS($D$3:$D$746,$B$3:$B$746,$I10,$C$3:$C$746,N$1) -> 0 | Q10: =SUMIFS($D$3:$D$746,$B$3:$B$746,$I10,$C$3:$C$746,O$1) -> 36 | ... AG10: =SUMIFS($D$3:$D$746,$B$3:$B$746,$I10,$C$3:$C$746,AE$1) -> 0 | AH10: =SUM(J10:AG10) -> 3817
B11: =IF(C10=24,B10+1,B10) -> 45748 | C11: =IF(C10=24,1,C10+1) -> 9 | D11: 94 | E11: =D11/1000 -> 0.094 | I11: =I10+1 -> 45753 | J11: =SUMIFS($D$3:$D$746,$B$3:$B$746,$I11,$C$3:$C$746,H$1) -> 0 | K11: =SUMIFS($D$3:$D$746,$B$3:$B$746,$I11,$C$3:$C$746,I$1) -> 0 | L11: =SUMIFS($D$3:$D$746,$B$3:$B$746,$I11,$C$3:$C$746,J$1) -> 0 | M11: =SUMIFS($D$3:$D$746,$B$3:$B$746,$I11,$C$3:$C$746,K$1) -> 0 | N11: =SUMIFS($D$3:$D$746,$B$3:$B$746,$I11,$C$3:$C$746,L$1) -> 0 | O11: =SUMIFS($D$3:$D$746,$B$3:$B$746,$I11,$C$3:$C$746,M$1) -> 0 | P11: =SUMIFS($D$3:$D$746,$B$3:$B$746,$I11,$C$3:$C$746,N$1) -> 63 | Q11: =SUMIFS($D$3:$D$746,$B$3:$B$746,$I11,$C$3:$C$746,O$1) -> 297 | ... AG11: =SUMIFS($D$3:$D$746,$B$3:$B$746,$I11,$C$3:$C$746,AE$1) -> 0 | AH11: =SUM(J11:AG11) -> 5970
B12: =IF(C11=24,B11+1,B11) -> 45748 | C12: =IF(C11=24,1,C11+1) -> 10 | D12: 96 | E12: =D12/1000 -> 0.096 | I12: =I11+1 -> 45754 | J12: =SUMIFS($D$3:$D$746,$B$3:$B$746,$I12,$C$3:$C$746,H$1) -> 0 | K12: =SUMIFS($D$3:$D$746,$B$3:$B$746,$I12,$C$3:$C$746,I$1) -> 0 | L12: =SUMIFS($D$3:$D$746,$B$3:$B$746,$I12,$C$3:$C$746,J$1) -> 0 | M12: =SUMIFS($D$3:$D$746,$B$3:$B$746,$I12,$C$3:$C$746,K$1) -> 0 | N12: =SUMIFS($D$3:$D$746,$B$3:$B$746,$I12,$C$3:$C$746,L$1) -> 0 | O12: =SUMIFS($D$3:$D$746,$B$3:$B$746,$I12,$C$3:$C$746,M$1) -> 0 | P12: =SUMIFS($D$3:$D$746,$B$3:$B$746,$I12,$C$3:$C$746,N$1) -> 41 | Q12: =SUMIFS($D$3:$D$746,$B$3:$B$746,$I12,$C$3:$C$746,O$1) -> 192 | ... AG12: =SUMIFS($D$3:$D$746,$B$3:$B$746,$I12,$C$3:$C$746,AE$1) -> 0 | AH12: =SUM(J12:AG12) -> 4204
B13: =IF(C12=24,B12+1,B12) -> 45748 | C13: =IF(C12=24,1,C12+1) -> 11 | D13: 347 | E13: =D13/1000 -> 0.347 | I13: =I12+1 -> 45755 | J13: =SUMIFS($D$3:$D$746,$B$3:$B$746,$I13,$C$3:$C$746,H$1) -> 0 | K13: =SUMIFS($D$3:$D$746,$B$3:$B$746,$I13,$C$3:$C$746,I$1) -> 0 | L13: =SUMIFS($D$3:$D$746,$B$3:$B$746,$I13,$C$3:$C$746,J$1) -> 0 | M13: =SUMIFS($D$3:$D$746,$B$3:$B$746,$I13,$C$3:$C$746,K$1) -> 0 | N13: =SUMIFS($D$3:$D$746,$B$3:$B$746,$I13,$C$3:$C$746,L$1) -> 0 | O13: =SUMIFS($D$3:$D$746,$B$3:$B$746,$I13,$C$3:$C$746,M$1) -> 0 | P13: =SUMIFS($D$3:$D$746,$B$3:$B$746,$I13,$C$3:$C$746,N$1) -> 30 | Q13: =SUMIFS($D$3:$D$746,$B$3:$B$746,$I13,$C$3:$C$746,O$1) -> 172 | ... AG13: =SUMIFS($D$3:$D$746,$B$3:$B$746,$I13,$C$3:$C$746,AE$1) -> 0 | AH13: =SUM(J13:AG13) -> 3881
B14: =IF(C13=24,B13+1,B13) -> 45748 | C14: =IF(C13=24,1,C13+1) -> 12 | D14: 608 | E14: =D14/1000 -> 0.608 | I14: =I13+1 -> 45756 | J14: =SUMIFS($D$3:$D$746,$B$3:$B$746,$I14,$C$3:$C$746,H$1) -> 0 | K14: =SUMIFS($D$3:$D$746,$B$3:$B$746,$I14,$C$3:$C$746,I$1) -> 0 | L14: =SUMIFS($D$3:$D$746,$B$3:$B$746,$I14,$C$3:$C$746,J$1) -> 0 | M14: =SUMIFS($D$3:$D$746,$B$3:$B$746,$I14,$C$3:$C$746,K$1) -> 0 | N14: =SUMIFS($D$3:$D$746,$B$3:$B$746,$I14,$C$3:$C$746,L$1) -> 0 | O14: =SUMIFS($D$3:$D$746,$B$3:$B$746,$I14,$C$3:$C$746,M$1) -> 0 | P14: =SUMIFS($D$3:$D$746,$B$3:$B$746,$I14,$C$3:$C$746,N$1) -> 40 | Q14: =SUMIFS($D$3:$D$746,$B$3:$B$746,$I14,$C$3:$C$746,O$1) -> 188 | ... AG14: =SUMIFS($D$3:$D$746,$B$3:$B$746,$I14,$C$3:$C$746,AE$1) -> 0 | AH14: =SUM(J14:AG14) -> 4131
B15: =IF(C14=24,B14+1,B14) -> 45748 | C15: =IF(C14=24,1,C14+1) -> 13 | D15: 722 | E15: =D15/1000 -> 0.722 | I15: =I14+1 -> 45757 | J15: =SUMIFS($D$3:$D$746,$B$3:$B$746,$I15,$C$3:$C$746,H$1) -> 0 | K15: =SUMIFS($D$3:$D$746,$B$3:$B$746,$I15,$C$3:$C$746,I$1) -> 0 | L15: =SUMIFS($D$3:$D$746,$B$3:$B$746,$I15,$C$3:$C$746,J$1) -> 0 | M15: =SUMIFS($D$3:$D$746,$B$3:$B$746,$I15,$C$3:$C$746,K$1) -> 0 | N15: =SUMIFS($D$3:$D$746,$B$3:$B$746,$I15,$C$3:$C$746,L$1) -> 0 | O15: =SUMIFS($D$3:$D$746,$B$3:$B$746,$I15,$C$3:$C$746,M$1) -> 0 | P15: =SUMIFS($D$3:$D$746,$B$3:$B$746,$I15,$C$3:$C$746,N$1) -> 39 | Q15: =SUMIFS($D$3:$D$746,$B$3:$B$746,$I15,$C$3:$C$746,O$1) -> 187 | ... AG15: =SUMIFS($D$3:$D$746,$B$3:$B$746,$I15,$C$3:$C$746,AE$1) -> 0 | AH15: =SUM(J15:AG15) -> 4074
B16: =IF(C15=24,B15+1,B15) -> 45748 | C16: =IF(C15=24,1,C15+1) -> 14 | D16: 458 | E16: =D16/1000 -> 0.458 | I16: =I15+1 -> 45758 | J16: =SUMIFS($D$3:$D$746,$B$3:$B$746,$I16,$C$3:$C$746,H$1) -> 0 | K16: =SUMIFS($D$3:$D$746,$B$3:$B$746,$I16,$C$3:$C$746,I$1) -> 0 | L16: =SUMIFS($D$3:$D$746,$B$3:$B$746,$I16,$C$3:$C$746,J$1) -> 0 | M16: =SUMIFS($D$3:$D$746,$B$3:$B$746,$I16,$C$3:$C$746,K$1) -> 0 | N16: =SUMIFS($D$3:$D$746,$B$3:$B$746,$I16,$C$3:$C$746,L$1) -> 0 | O16: =SUMIFS($D$3:$D$746,$B$3:$B$746,$I16,$C$3:$C$746,M$1) -> 0 | P16: =SUMIFS($D$3:$D$746,$B$3:$B$746,$I16,$C$3:$C$746,N$1) -> 40 | Q16: =SUMIFS($D$3:$D$746,$B$3:$B$746,$I16,$C$3:$C$746,O$1) -> 189 | ... AG16: =SUMIFS($D$3:$D$746,$B$3:$B$746,$I16,$C$3:$C$746,AE$1) -> 0 | AH16: =SUM(J16:AG16) -> 3968
B17: =IF(C16=24,B16+1,B16) -> 45748 | C17: =IF(C16=24,1,C16+1) -> 15 | D17: 276 | E17: =D17/1000 -> 0.276 | I17: =I16+1 -> 45759 | J17: =SUMIFS($D$3:$D$746,$B$3:$B$746,$I17,$C$3:$C$746,H$1) -> 0 | K17: =SUMIFS($D$3:$D$746,$B$3:$B$746,$I17,$C$3:$C$746,I$1) -> 0 | L17: =SUMIFS($D$3:$D$746,$B$3:$B$746,$I17,$C$3:$C$746,J$1) -> 0 | M17: =SUMIFS($D$3:$D$746,$B$3:$B$746,$I17,$C$3:$C$746,K$1) -> 0 | N17: =SUMIFS($D$3:$D$746,$B$3:$B$746,$I17,$C$3:$C$746,L$1) -> 0 | O17: =SUMIFS($D$3:$D$746,$B$3:$B$746,$I17,$C$3:$C$746,M$1) -> 0 | P17: =SUMIFS($D$3:$D$746,$B$3:$B$746,$I17,$C$3:$C$746,N$1) -> 42 | Q17: =SUMIFS($D$3:$D$746,$B$3:$B$746,$I17,$C$3:$C$746,O$1) -> 197 | ... AG17: =SUMIFS($D$3:$D$746,$B$3:$B$746,$I17,$C$3:$C$746,AE$1) -> 0 | AH17: =SUM(J17:AG17) -> 3437
B18: =IF(C17=24,B17+1,B17) -> 45748 | C18: =IF(C17=24,1,C17+1) -> 16 | D18: 311 | E18: =D18/1000 -> 0.311 | I18: =I17+1 -> 45760 | J18: =SUMIFS($D$3:$D$746,$B$3:$B$746,$I18,$C$3:$C$746,H$1) -> 0 | K18: =SUMIFS($D$3:$D$746,$B$3:$B$746,$I18,$C$3:$C$746,I$1) -> 0 | L18: =SUMIFS($D$3:$D$746,$B$3:$B$746,$I18,$C$3:$C$746,J$1) -> 0 | M18: =SUMIFS($D$3:$D$746,$B$3:$B$746,$I18,$C$3:$C$746,K$1) -> 0 | N18: =SUMIFS($D$3:$D$746,$B$3:$B$746,$I18,$C$3:$C$746,L$1) -> 0 | O18: =SUMIFS($D$3:$D$746,$B$3:$B$746,$I18,$C$3:$C$746,M$1) -> 0 | P18: =SUMIFS($D$3:$D$746,$B$3:$B$746,$I18,$C$3:$C$746,N$1) -> 45 | Q18: =SUMIFS($D$3:$D$746,$B$3:$B$746,$I18,$C$3:$C$746,O$1) -> 187 | ... AG18: =SUMIFS($D$3:$D$746,$B$3:$B$746,$I18,$C$3:$C$746,AE$1) -> 0 | AH18: =SUM(J18:AG18) -> 3494
... B35: =IF(C34=24,B34+1,B34) -> 45749 | C35: =IF(C34=24,1,C34+1) -> 9 | D35: 501 | E35: =D35/1000 -> 0.501 | I35: =I34+1 -> 45777 | J35: =SUMIFS($D$3:$D$746,$B$3:$B$746,$I35,$C$3:$C$746,H$1) -> 0 | K35: =SUMIFS($D$3:$D$746,$B$3:$B$746,$I35,$C$3:$C$746,I$1) -> 0 | L35: =SUMIFS($D$3:$D$746,$B$3:$B$746,$I35,$C$3:$C$746,J$1) -> 0 | M35: =SUMIFS($D$3:$D$746,$B$3:$B$746,$I35,$C$3:$C$746,K$1) -> 0 | N35: =SUMIFS($D$3:$D$746,$B$3:$B$746,$I35,$C$3:$C$746,L$1) -> 0 | O35: =SUMIFS($D$3:$D$746,$B$3:$B$746,$I35,$C$3:$C$746,M$1) -> 4 | P35: =SUMIFS($D$3:$D$746,$B$3:$B$746,$I35,$C$3:$C$746,N$1) -> 81 | Q35: =SUMIFS($D$3:$D$746,$B$3:$B$746,$I35,$C$3:$C$746,O$1) -> 273 | ... AG35: =SUMIFS($D$3:$D$746,$B$3:$B$746,$I35,$C$3:$C$746,AE$1) -> 0 | AH35: =SUM(J35:AG35) -> 6597
B36: =IF(C35=24,B35+1,B35) -> 45749 | C36: =IF(C35=24,1,C35+1) -> 10 | D36: 643 | E36: =D36/1000 -> 0.643 | J36: =SUMIFS($D$3:$D$746,$B$3:$B$746,$I36,$C$3:$C$746,H$1) -> 0 | K36: =SUMIFS($D$3:$D$746,$B$3:$B$746,$I36,$C$3:$C$746,I$1) -> 0 | L36: =SUMIFS($D$3:$D$746,$B$3:$B$746,$I36,$C$3:$C$746,J$1) -> 0 | M36: =SUMIFS($D$3:$D$746,$B$3:$B$746,$I36,$C$3:$C$746,K$1) -> 0 | N36: =SUMIFS($D$3:$D$746,$B$3:$B$746,$I36,$C$3:$C$746,L$1) -> 0 | O36: =SUMIFS($D$3:$D$746,$B$3:$B$746,$I36,$C$3:$C$746,M$1) -> 0 | P36: =SUMIFS($D$3:$D$746,$B$3:$B$746,$I36,$C$3:$C$746,N$1) -> 0 | Q36: =SUMIFS($D$3:$D$746,$B$3:$B$746,$I36,$C$3:$C$746,O$1) -> 0 | ... AG36: =SUMIFS($D$3:$D$746,$B$3:$B$746,$I36,$C$3:$C$746,AE$1) -> 0 | AH36: =SUM(J36:AG36) -> 0
B37: =IF(C36=24,B36+1,B36) -> 45749 | C37: =IF(C36=24,1,C36+1) -> 11 | D37: 741 | E37: =D37/1000 -> 0.741 | AH37: =SUM(AH6:AH36) -> 133068
B38: =IF(C37=24,B37+1,B37) -> 45749 | C38: =IF(C37=24,1,C37+1) -> 12 | D38: 775 | E38: =D38/1000 -> 0.775
B39: =IF(C38=24,B38+1,B38) -> 45749 | C39: =IF(C38=24,1,C38+1) -> 13 | D39: 719 | E39: =D39/1000 -> 0.719
B40: =IF(C39=24,B39+1,B39) -> 45749 | C40: =IF(C39=24,1,C39+1) -> 14 | D40: 737 | E40: =D40/1000 -> 0.737
B41: =IF(C40=24,B40+1,B40) -> 45749 | C41: =IF(C40=24,1,C40+1) -> 15 | D41: 606 | E41: =D41/1000 -> 0.606
B42: =IF(C41=24,B41+1,B41) -> 45749 | C42: =IF(C41=24,1,C41+1) -> 16 | D42: 275 | E42: =D42/1000 -> 0.275
B43: =IF(C42=24,B42+1,B42) -> 45749 | C43: =IF(C42=24,1,C42+1) -> 17 | D43: 300 | E43: =D43/1000 -> 0.3
B44: =IF(C43=24,B43+1,B43) -> 45749 | C44: =IF(C43=24,1,C43+1) -> 18 | D44: 53 | E44: =D44/1000 -> 0.053
B45: =IF(C44=24,B44+1,B44) -> 45749 | C45: =IF(C44=24,1,C44+1) -> 19 | D45: 0 | E45: =D45/1000 -> 0
B46: =IF(C45=24,B45+1,B45) -> 45749 | C46: =IF(C45=24,1,C45+1) -> 20 | D46: 0 | E46: =D46/1000 -> 0
B47: =IF(C46=24,B46+1,B46) -> 45749 | C47: =IF(C46=24,1,C46+1) -> 21 | D47: 0 | E47: =D47/1000 -> 0
B48: =IF(C47=24,B47+1,B47) -> 45749 | C48: =IF(C47=24,1,C47+1) -> 22 | D48: 0 | E48: =D48/1000 -> 0
B49: =IF(C48=24,B48+1,B48) -> 45749 | C49: =IF(C48=24,1,C48+1) -> 23 | D49: 0 | E49: =D49/1000 -> 0
... B722: =IF(C721=24,B721+1,B721) -> 45777 | C722: =IF(C721=24,1,C721+1) -> 24 | D722: 0 | E722: =D722/1000 -> 0

Sheet GEServed
F1: =SUM(F3:F722) -> 3535 | G1: =SUM(G3:G722) -> 400 | H1: =SUM(H3:H722) -> 0 | I1: =SUM(I3:I722) -> 807 | J1: =SUM(J3:J722) -> 0 | K1: =SUM(K3:K722) -> 3935 | L1: =SUM(L3:L722) -> 2792.038 | N1: =L1-I1-H1-G1-(F1-I1) -> -1142.962
A2: Date | B2: HE | C2: isHoliday | D2: PeakHour | E2: PeakType | F2: GE Served | G2: AHP | H2: WRP | I2: WRP-Rep | J2: WRF-Rep | K2: Total Delivered | L2: Actual Load | O2: =F2 -> GE Served
A3: 45748 | B3: 1 | C3: =IFERROR(MATCH(A4,NERCHolidays!$B$2:$B$121,0),0) -> 0 | D3: =IF(AND(B3>=8,B3<=23),1,0) -> 0 | E3: =IF(OR(WEEKDAY(A3)=1,C3<>0),"OP",IF(D3=0,"OP","PK")) -> OP | F3: =VLOOKUP(A3,$O$3:$AN$34,B3+2,FALSE) -> 5 | G3: =VLOOKUP(A3,$O$107:$AM$138,B3+1,FALSE) -> 1 | H3: =VLOOKUP(A3,$O$142:$AM$173,B3+1,FALSE) -> 0 | I3: =VLOOKUP(A3,$O$39:$AN$70,B3+2,FALSE) -> 1 | J3: =VLOOKUP(A3,$O$73:$AN$104,B3+2,FALSE) -> 0 | K3: =VLOOKUP(A3,$O$175:$AM$206,B3+1,FALSE) -> 6 | L3: ='Aztec Metered Load'!C7 -> 3.311 | O3: # flow_date | P3: CP | Q3: HE 1 | R3: HE 2 | S3: HE 3 | T3: HE 4 | U3: HE 5 | V3: HE 6 | W3: HE 7 | X3: HE 8 | Y3: HE 9 | Z3: HE 10 | AA3: HE 11 | AB3: HE 12 | AC3: HE 13 | AD3: HE 14 | AE3: HE 15 | AF3: HE 16 | AG3: HE 17 | AH3: HE 18 | AI3: HE 19 | AJ3: HE 20 | AK3: HE 21 | AL3: HE 22 | AM3: HE 23 | AN3: HE 24 | AO3: TOTALS
A4: =IF(B3=24,A3+1,A3) -> 45748 | B4: =IF(B3=24,1,B3+1) -> 2 | C4: =IFERROR(MATCH(A5,NERCHolidays!$B$2:$B$121,0),0) -> 0 | D4: =IF(AND(B4>=8,B4<=23),1,0) -> 0 | E4: =IF(OR(WEEKDAY(A4)=1,C4<>0),"OP",IF(D4=0,"OP","PK")) -> OP | F4: =VLOOKUP(A4,$O$3:$AN$34,B4+2,FALSE) -> 5 | G4: =VLOOKUP(A4,$O$107:$AM$138,B4+1,FALSE) -> 1 | H4: =VLOOKUP(A4,$O$142:$AM$173,B4+1,FALSE) -> 0 | I4: =VLOOKUP(A4,$O$39:$AN$70,B4+2,FALSE) -> 1 | J4: =VLOOKUP(A4,$O$73:$AN$104,B4+2,FALSE) -> 0 | K4: =VLOOKUP(A4,$O$175:$AM$206,B4+1,FALSE) -> 6 | L4: ='Aztec Metered Load'!C8 -> 3.3 | O4: 45748 | P4: Aztec | Q4: 5 | R4: 5 | S4: 0 | T4: 5 | U4: 5 | V4: 5 | W4: 5 | X4: 5 | Y4: 5 | Z4: 5 | AA4: 5 | AB4: 5 | AC4: 5 | AD4: 5 | AE4: 5 | AF4: 5 | AG4: 5 | AH4: 5 | AI4: 5 | AJ4: 5 | AK4: 5 | AL4: 5 | AM4: 5 | AN4: 5 | AO4: =SUM(Q4:AN4) -> 115
A5: =IF(B4=24,A4+1,A4) -> 45748 | B5: =IF(B4=24,1,B4+1) -> 3 | C5: =IFERROR(MATCH(A6,NERCHolidays!$B$2:$B$121,0),0) -> 0 | D5: =IF(AND(B5>=8,B5<=23),1,0) -> 0 | E5: =IF(OR(WEEKDAY(A5)=1,C5<>0),"OP",IF(D5=0,"OP","PK")) -> OP | F5: =VLOOKUP(A5,$O$3:$AN$34,B5+2,FALSE) -> 0 | G5: =VLOOKUP(A5,$O$107:$AM$138,B5+1,FALSE) -> 1 | H5: =VLOOKUP(A5,$O$142:$AM$173,B5+1,FALSE) -> 0 | I5: =VLOOKUP(A5,$O$39:$AN$70,B5+2,FALSE) -> 2 | J5: =VLOOKUP(A5,$O$73:$AN$104,B5+2,FALSE) -> 0 | K5: =VLOOKUP(A5,$O$175:$AM$206,B5+1,FALSE) -> 1 | L5: ='Aztec Metered Load'!C9 -> 3.367 | O5: =O4+1 -> 45749 | P5: Aztec | Q5: 5 | R5: 5 | S5: 5 | T5: 5 | U5: 5 | V5: 5 | W5: 5 | X5: 5 | Y5: 5 | Z5: 5 | AA5: 5 | AB5: 5 | AC5: 5 | AD5: 5 | AE5: 5 | AF5: 5 | AG5: 5 | AH5: 5 | AI5: 5 | AJ5: 5 | AK5: 5 | AL5: 5 | AM5: 5 | AN5: 5 | AO5: =SUM(Q5:AN5) -> 120
A6: =IF(B5=24,A5+1,A5) -> 45748 | B6: =IF(B5=24,1,B5+1) -> 4 | C6: =IFERROR(MATCH(A7,NERCHolidays!$B$2:$B$121,0),0) -> 0 | D6: =IF(AND(B6>=8,B6<=23),1,0) -> 0 | E6: =IF(OR(WEEKDAY(A6)=1,C6<>0),"OP",IF(D6=0,"OP","PK")) -> OP | F6: =VLOOKUP(A6,$O$3:$AN$34,B6+2,FALSE) -> 5 | G6: =VLOOKUP(A6,$O$107:$AM$138,B6+1,FALSE) -> 1 | H6: =VLOOKUP(A6,$O$142:$AM$173,B6+1,FALSE) -> 0 | I6: =VLOOKUP(A6,$O$39:$AN$70,B6+2,FALSE) -> 2 | J6: =VLOOKUP(A6,$O$73:$AN$104,B6+2,FALSE) -> 0 | K6: =VLOOKUP(A6,$O$175:$AM$206,B6+1,FALSE) -> 6 | L6: ='Aztec Metered Load'!C10 -> 3.49 | O6: =O5+1 -> 45750 | P6: Aztec | Q6: 5 | R6: 5 | S6: 5 | T6: 5 | U6: 5 | V6: 5 | W6: 5 | X6: 1 | Y6: 1 | Z6: 5 | AA6: 5 | AB6: 5 | AC6: 5 | AD6: 5 | AE6: 5 | AF6: 5 | AG6: 5 | AH6: 0 | AI6: 5 | AJ6: 5 | AK6: 5 | AL6: 5 | AM6: 5 | AN6: 5 | AO6: =SUM(Q6:AN6) -> 107
A7: =IF(B6=24,A6+1,A6) -> 45748 | B7: =IF(B6=24,1,B6+1) -> 5 | C7: =IFERROR(MATCH(A8,NERCHolidays!$B$2:$B$121,0),0) -> 0 | D7: =IF(AND(B7>=8,B7<=23),1,0) -> 0 | E7: =IF(OR(WEEKDAY(A7)=1,C7<>0),"OP",IF(D7=0,"OP","PK")) -> OP | F7: =VLOOKUP(A7,$O$3:$AN$34,B7+2,FALSE) -> 5 | G7: =VLOOKUP(A7,$O$107:$AM$138,B7+1,FALSE) -> 1 | H7: =VLOOKUP(A7,$O$142:$AM$173,B7+1,FALSE) -> 0 | I7: =VLOOKUP(A7,$O$39:$AN$70,B7+2,FALSE) -> 2 | J7: =VLOOKUP(A7,$O$73:$AN$104,B7+2,FALSE) -> 0 | K7: =VLOOKUP(A7,$O$175:$AM$206,B7+1,FALSE) -> 6 | L7: ='Aztec Metered Load'!C11 -> 3.763 | O7: =O6+1 -> 45751 | P7: Aztec | Q7: 5 | R7: 5 | S7: 5 | T7: 5 | U7: 0 | V7: 0 | W7: 5 | X7: 5 | Y7: 5 | Z7: 5 | AA7: 5 | AB7: 5 | AC7: 5 | AD7: 5 | AE7: 5 | AF7: 5 | AG7: 5 | AH7: 5 | AI7: 5 | AJ7: 5 | AK7: 5 | AL7: 5 | AM7: 5 | AN7: 5 | AO7: =SUM(Q7:AN7) -> 110
A8: =IF(B7=24,A7+1,A7) -> 45748 | B8: =IF(B7=24,1,B7+1) -> 6 | C8: =IFERROR(MATCH(A9,NERCHolidays!$B$2:$B$121,0),0) -> 0 | D8: =IF(AND(B8>=8,B8<=23),1,0) -> 0 | E8: =IF(OR(WEEKDAY(A8)=1,C8<>0),"OP",IF(D8=0,"OP","PK")) -> OP | F8: =VLOOKUP(A8,$O$3:$AN$34,B8+2,FALSE) -> 5 | G8: =VLOOKUP(A8,$O$107:$AM$138,B8+1,FALSE) -> 1 | H8: =VLOOKUP(A8,$O$142:$AM$173,B8+1,FALSE) -> 0 | I8: =VLOOKUP(A8,$O$39:$AN$70,B8+2,FALSE) -> 2 | J8: =VLOOKUP(A8,$O$73:$AN$104,B8+2,FALSE) -> 0 | K8: =VLOOKUP(A8,$O$175:$AM$206,B8+1,FALSE) -> 6 | L8: ='Aztec Metered Load'!C12 -> 4.457 | O8: =O7+1 -> 45752 | P8: Aztec | Q8: 5 | R8: 5 | S8: 5 | T8: 5 | U8: 5 | V8: 5 | W8: 5 | X8: 5 | Y8: 5 | Z8: 5 | AA8: 5 | AB8: 5 | AC8: 5 | AD8: 5 | AE8: 5 | AF8: 5 | AG8: 5 | AH8: 5 | AI8: 5 | AJ8: 5 | AK8: 5 | AL8: 5 | AM8: 5 | AN8: 5 | AO8: =SUM(Q8:AN8) -> 120
A9: =IF(B8=24,A8+1,A8) -> 45748 | B9: =IF(B8=24,1,B8+1) -> 7 | C9: =IFERROR(MATCH(A10,NERCHolidays!$B$2:$B$121,0),0) -> 0 | D9: =IF(AND(B9>=8,B9<=23),1,0) -> 0 | E9: =IF(OR(WEEKDAY(A9)=1,C9<>0),"OP",IF(D9=0,"OP","PK")) -> OP | F9: =VLOOKUP(A9,$O$3:$AN$34,B9+2,FALSE) -> 5 | G9: =VLOOKUP(A9,$O$107:$AM$138,B9+1,FALSE) -> 1 | H9: =VLOOKUP(A9,$O$142:$AM$173,B9+1,FALSE) -> 0 | I9: =VLOOKUP(A9,$O$39:$AN$70,B9+2,FALSE) -> 1 | J9: =VLOOKUP(A9,$O$73:$AN$104,B9+2,FALSE) -> 0 | K9: =VLOOKUP(A9,$O$175:$AM$206,B9+1,FALSE) -> 6 | L9: ='Aztec Metered Load'!C13 -> 4.721 | O9: =O8+1 -> 45753 | P9: Aztec | Q9: 5 | R9: 5 | S9: 5 | T9: 5 | U9: 5 | V9: 5 | W9: 5 | X9: 5 | Y9: 5 | Z9: 5 | AA9: 5 | AB9: 5 | AC9: 5 | AD9: 5 | AE9: 5 | AF9: 5 | AG9: 5 | AH9: 5 | AI9: 5 | AJ9: 5 | AK9: 5 | AL9: 5 | AM9: 5 | AN9: 5 | AO9: =SUM(Q9:AN9) -> 120
A10: =IF(B9=24,A9+1,A9) -> 45748 | B10: =IF(B9=24,1,B9+1) -> 8 | C10: =IFERROR(MATCH(A11,NERCHolidays!$B$2:$B$121,0),0) -> 0 | D10: =IF(AND(B10>=8,B10<=23),1,0) -> 1 | E10: =IF(OR(WEEKDAY(A10)=1,C10<>0),"OP",IF(D10=0,"OP","PK")) -> PK | F10: =VLOOKUP(A10,$O$3:$AN$34,B10+2,FALSE) -> 5 | G10: =VLOOKUP(A10,$O$107:$AM$138,B10+1,FALSE) -> 1 | H10: =VLOOKUP(A10,$O$142:$AM$173,B10+1,FALSE) -> 0 | I10: =VLOOKUP(A10,$O$39:$AN$70,B10+2,FALSE) -> 1 | J10: =VLOOKUP(A10,$O$73:$AN$104,B10+2,FALSE) -> 0 | K10: =VLOOKUP(A10,$O$175:$AM$206,B10+1,FALSE) -> 6 | L10: ='Aztec Metered Load'!C14 -> 4.806 | O10: =O9+1 -> 45754 | P10: Aztec | Q10: 5 | R10: 5 | S10: 5 | T10: 5 | U10: 5 | V10: 5 | W10: 5 | X10: 5 | Y10: 5 | Z10: 5 | AA10: 5 | AB10: 5 | AC10: 5 | AD10: 5 | AE10: 5 | AF10: 5 | AG10: 5 | AH10: 5 | AI10: 5 | AJ10: 5 | AK10: 5 | AL10: 5 | AM10: 5 | AN10: 5 | AO10: =SUM(Q10:AN10) -> 120
A11: =IF(B10=24,A10+1,A10) -> 45748 | B11: =IF(B10=24,1,B10+1) -> 9 | C11: =IFERROR(MATCH(A12,NERCHolidays!$B$2:$B$121,0),0) -> 0 | D11: =IF(AND(B11>=8,B11<=23),1,0) -> 1 | E11: =IF(OR(WEEKDAY(A11)=1,C11<>0),"OP",IF(D11=0,"OP","PK")) -> PK | F11: =VLOOKUP(A11,$O$3:$AN$34,B11+2,FALSE) -> 5 | G11: =VLOOKUP(A11,$O$107:$AM$138,B11+1,FALSE) -> 1 | H11: =VLOOKUP(A11,$O$142:$AM$173,B11+1,FALSE) -> 0 | I11: =VLOOKUP(A11,$O$39:$AN$70,B11+2,FALSE) -> 1 | J11: =VLOOKUP(A11,$O$73:$AN$104,B11+2,FALSE) -> 0 | K11: =VLOOKUP(A11,$O$175:$AM$206,B11+1,FALSE) -> 6 | L11: ='Aztec Metered Load'!C15 -> 5.014 | O11: =O10+1 -> 45755 | P11: Aztec | Q11: 5 | R11: 5 | S11: 5 | T11: 5 | U11: 5 | V11: 5 | W11: 5 | X11: 5 | Y11: 5 | Z11: 5 | AA11: 5 | AB11: 5 | AC11: 5 | AD11: 5 | AE11: 5 | AF11: 5 | AG11: 5 | AH11: 5 | AI11: 5 | AJ11: 5 | AK11: 5 | AL11: 5 | AM11: 5 | AN11: 5 | AO11: =SUM(Q11:AN11) -> 120
A12: =IF(B11=24,A11+1,A11) -> 45748 | B12: =IF(B11=24,1,B11+1) -> 10 | C12: =IFERROR(MATCH(A13,NERCHolidays!$B$2:$B$121,0),0) -> 0 | D12: =IF(AND(B12>=8,B12<=23),1,0) -> 1 | E12: =IF(OR(WEEKDAY(A12)=1,C12<>0),"OP",IF(D12=0,"OP","PK")) -> PK | F12: =VLOOKUP(A12,$O$3:$AN$34,B12+2,FALSE) -> 5 | G12: =VLOOKUP(A12,$O$107:$AM$138,B12+1,FALSE) -> 0 | H12: =VLOOKUP(A12,$O$142:$AM$173,B12+1,FALSE) -> 0 | I12: =VLOOKUP(A12,$O$40:$AN$70,B12+2,FALSE) -> 1 | J12: =VLOOKUP(A12,$O$73:$AN$104,B12+2,FALSE) -> 0 | K12: =VLOOKUP(A12,$O$175:$AM$206,B12+1,FALSE) -> 5 | L12: ='Aztec Metered Load'!C16 -> 5.162 | O12: =O11+1 -> 45756 | P12: Aztec | Q12: 5 | R12: 5 | S12: 5 | T12: 5 | U12: 5 | V12: 5 | W12: 5 | X12: 5 | Y12: 5 | Z12: 5 | AA12: 5 | AB12: 5 | AC12: 5 | AD12: 5 | AE12: 5 | AF12: 5 | AG12: 5 | AH12: 5 | AI12: 5 | AJ12: 5 | AK12: 5 | AL12: 5 | AM12: 5 | AN12: 5 | AO12: =SUM(Q12:AN12) -> 120
A13: =IF(B12=24,A12+1,A12) -> 45748 | B13: =IF(B12=24,1,B12+1) -> 11 | C13: =IFERROR(MATCH(A14,NERCHolidays!$B$2:$B$121,0),0) -> 0 | D13: =IF(AND(B13>=8,B13<=23),1,0) -> 1 | E13: =IF(OR(WEEKDAY(A13)=1,C13<>0),"OP",IF(D13=0,"OP","PK")) -> PK | F13: =VLOOKUP(A13,$O$3:$AN$34,B13+2,FALSE) -> 5 | G13: =VLOOKUP(A13,$O$107:$AM$138,B13+1,FALSE) -> 0 | H13: =VLOOKUP(A13,$O$142:$AM$173,B13+1,FALSE) -> 0 | I13: =VLOOKUP(A13,$O$40:$AN$70,B13+2,FALSE) -> 1 | J13: =VLOOKUP(A13,$O$73:$AN$104,B13+2,FALSE) -> 0 | K13: =VLOOKUP(A13,$O$175:$AM$206,B13+1,FALSE) -> 5 | L13: ='Aztec Metered Load'!C17 -> 4.751 | O13: =O12+1 -> 45757 | P13: Aztec | Q13: 5 | R13: 5 | S13: 5 | T13: 5 | U13: 5 | V13: 5 | W13: 5 | X13: 5 | Y13: 5 | Z13: 5 | AA13: 5 | AB13: 5 | AC13: 5 | AD13: 5 | AE13: 5 | AF13: 5 | AG13: 5 | AH13: 5 | AI13: 5 | AJ13: 5 | AK13: 5 | AL13: 5 | AM13: 5 | AN13: 5 | AO13: =SUM(Q13:AN13) -> 120
A14: =IF(B13=24,A13+1,A13) -> 45748 | B14: =IF(B13=24,1,B13+1) -> 12 | C14: =IFERROR(MATCH(A15,NERCHolidays!$B$2:$B$121,0),0) -> 0 | D14: =IF(AND(B14>=8,B14<=23),1,0) -> 1 | E14: =IF(OR(WEEKDAY(A14)=1,C14<>0),"OP",IF(D14=0,"OP","PK")) -> PK | F14: =VLOOKUP(A14,$O$3:$AN$34,B14+2,FALSE) -> 5 | G14: =VLOOKUP(A14,$O$107:$AM$138,B14+1,FALSE) -> 0 | H14: =VLOOKUP(A14,$O$142:$AM$173,B14+1,FALSE) -> 0 | I14: =VLOOKUP(A14,$O$40:$AN$70,B14+2,FALSE) -> 1 | J14: =VLOOKUP(A14,$O$73:$AN$104,B14+2,FALSE) -> 0 | K14: =VLOOKUP(A14,$O$175:$AM$206,B14+1,FALSE) -> 5 | L14: ='Aztec Metered Load'!C18 -> 4.254 | O14: =O13+1 -> 45758 | P14: Aztec | Q14: 5 | R14: 5 | S14: 5 | T14: 5 | U14: 5 | V14: 5 | W14: 5 | X14: 5 | Y14: 5 | Z14: 5 | AA14: 5 | AB14: 5 | AC14: 5 | AD14: 5 | AE14: 5 | AF14: 5 | AG14: 5 | AH14: 5 | AI14: 5 | AJ14: 5 | AK14: 5 | AL14: 5 | AM14: 5 | AN14: 5 | AO14: =SUM(Q14:AN14) -> 120
A15: =IF(B14=24,A14+1,A14) -> 45748 | B15: =IF(B14=24,1,B14+1) -> 13 | C15: =IFERROR(MATCH(A16,NERCHolidays!$B$2:$B$121,0),0) -> 0 | D15: =IF(AND(B15>=8,B15<=23),1,0) -> 1 | E15: =IF(OR(WEEKDAY(A15)=1,C15<>0),"OP",IF(D15=0,"OP","PK")) -> PK | F15: =VLOOKUP(A15,$O$3:$AN$34,B15+2,FALSE) -> 5 | G15: =VLOOKUP(A15,$O$107:$AM$138,B15+1,FALSE) -> 0 | H15: =VLOOKUP(A15,$O$142:$AM$173,B15+1,FALSE) -> 0 | I15: =VLOOKUP(A15,$O$40:$AN$70,B15+2,FALSE) -> 1 | J15: =VLOOKUP(A15,$O$73:$AN$104,B15+2,FALSE) -> 0 | K15: =VLOOKUP(A15,$O$175:$AM$206,B15+1,FALSE) -> 5 | L15: ='Aztec Metered Load'!C19 -> 3.949 | O15: =O14+1 -> 45759 | P15: Aztec | Q15: 5 | R15: 5 | S15: 5 | T15: 5 | U15: 5 | V15: 5 | W15: 5 | X15: 5 | Y15: 5 | Z15: 5 | AA15: 5 | AB15: 5 | AC15: 5 | AD15: 5 | AE15: 5 | AF15: 5 | AG15: 5 | AH15: 5 | AI15: 5 | AJ15: 5 | AK15: 5 | AL15: 5 | AM15: 5 | AN15: 5 | AO15: =SUM(Q15:AN15) -> 120
A16: =IF(B15=24,A15+1,A15) -> 45748 | B16: =IF(B15=24,1,B15+1) -> 14 | C16: =IFERROR(MATCH(A17,NERCHolidays!$B$2:$B$121,0),0) -> 0 | D16: =IF(AND(B16>=8,B16<=23),1,0) -> 1 | E16: =IF(OR(WEEKDAY(A16)=1,C16<>0),"OP",IF(D16=0,"OP","PK")) -> PK | F16: =VLOOKUP(A16,$O$3:$AN$34,B16+2,FALSE) -> 5 | G16: =VLOOKUP(A16,$O$107:$AM$138,B16+1,FALSE) -> 0 | H16: =VLOOKUP(A16,$O$142:$AM$173,B16+1,FALSE) -> 0 | I16: =VLOOKUP(A16,$O$40:$AN$70,B16+2,FALSE) -> 1 | J16: =VLOOKUP(A16,$O$73:$AN$104,B16+2,FALSE) -> 0 | K16: =VLOOKUP(A16,$O$175:$AM$206,B16+1,FALSE) -> 5 | L16: ='Aztec Metered Load'!C20 -> 4.269 | O16: =O15+1 -> 45760 | P16: Aztec | Q16: 5 | R16: 5 | S16: 5 | T16: 5 | U16: 5 | V16: 5 | W16: 5 | X16: 5 | Y16: 5 | Z16: 5 | AA16: 5 | AB16: 5 | AC16: 5 | AD16: 5 | AE16: 5 | AF16: 5 | AG16: 5 | AH16: 5 | AI16: 5 | AJ16: 5 | AK16: 5 | AL16: 5 | AM16: 5 | AN16: 5 | AO16: =SUM(Q16:AN16) -> 120
A17: =IF(B16=24,A16+1,A16) -> 45748 | B17: =IF(B16=24,1,B16+1) -> 15 | C17: =IFERROR(MATCH(A18,NERCHolidays!$B$2:$B$121,0),0) -> 0 | D17: =IF(AND(B17>=8,B17<=23),1,0) -> 1 | E17: =IF(OR(WEEKDAY(A17)=1,C17<>0),"OP",IF(D17=0,"OP","PK")) -> PK | F17: =VLOOKUP(A17,$O$3:$AN$34,B17+2,FALSE) -> 5 | G17: =VLOOKUP(A17,$O$107:$AM$138,B17+1,FALSE) -> 0 | H17: =VLOOKUP(A17,$O$142:$AM$173,B17+1,FALSE) -> 0 | I17: =VLOOKUP(A17,$O$40:$AN$70,B17+2,FALSE) -> 1 | J17: =VLOOKUP(A17,$O$73:$AN$104,B17+2,FALSE) -> 0 | K17: =VLOOKUP(A17,$O$175:$AM$206,B17+1,FALSE) -> 5 | L17: ='Aztec Metered Load'!C21 -> 4.537 | O17: =O16+1 -> 45761 | P17: Aztec | Q17: 5 | R17: 5 | S17: 5 | T17: 5 | U17: 5 | V17: 5 | W17: 5 | X17: 3 | Y17: 5 | Z17: 5 | AA17: 5 | AB17: 5 | AC17: 5 | AD17: 5 | AE17: 5 | AF17: 5 | AG17: 5 | AH17: 5 | AI17: 5 | AJ17: 5 | AK17: 5 | AL17: 5 | AM17: 5 | AN17: 5 | AO17: =SUM(Q17:AN17) -> 118
A18: =IF(B17=24,A17+1,A17) -> 45748 | B18: =IF(B17=24,1,B17+1) -> 16 | C18: =IFERROR(MATCH(A19,NERCHolidays!$B$2:$B$121,0),0) -> 0 | D18: =IF(AND(B18>=8,B18<=23),1,0) -> 1 | E18: =IF(OR(WEEKDAY(A18)=1,C18<>0),"OP",IF(D18=0,"OP","PK")) -> PK | F18: =VLOOKUP(A18,$O$3:$AN$34,B18+2,FALSE) -> 5 | G18: =VLOOKUP(A18,$O$107:$AM$138,B18+1,FALSE) -> 0 | H18: =VLOOKUP(A18,$O$142:$AM$173,B18+1,FALSE) -> 0 | I18: =VLOOKUP(A18,$O$40:$AN$70,B18+2,FALSE) -> 1 | J18: =VLOOKUP(A18,$O$73:$AN$104,B18+2,FALSE) -> 0 | K18: =VLOOKUP(A18,$O$175:$AM$206,B18+1,FALSE) -> 5 | L18: ='Aztec Metered Load'!C22 -> 4.344 | O18: =O17+1 -> 45762 | P18: Aztec | Q18: 5 | R18: 5 | S18: 5 | T18: 4 | U18: 4 | V18: 4 | W18: 4 | X18: 4 | Y18: 5 | Z18: 5 | AA18: 5 | AB18: 5 | AC18: 5 | AD18: 5 | AE18: 5 | AF18: 5 | AG18: 5 | AH18: 5 | AI18: 5 | AJ18: 5 | AK18: 5 | AL18: 5 | AM18: 5 | AN18: 5 | AO18: =SUM(Q18:AN18) -> 115
A19: =IF(B18=24,A18+1,A18) -> 45748 | B19: =IF(B18=24,1,B18+1) -> 17 | C19: =IFERROR(MATCH(A20,NERCHolidays!$B$2:$B$121,0),0) -> 0 | D19: =IF(AND(B19>=8,B19<=23),1,0) -> 1 | E19: =IF(OR(WEEKDAY(A19)=1,C19<>0),"OP",IF(D19=0,"OP","PK")) -> PK | F19: =VLOOKUP(A19,$O$3:$AN$34,B19+2,FALSE) -> 5 | G19: =VLOOKUP(A19,$O$107:$AM$138,B19+1,FALSE) -> 0 | H19: =VLOOKUP(A19,$O$142:$AM$173,B19+1,FALSE) -> 0 | I19: =VLOOKUP(A19,$O$40:$AN$70,B19+2,FALSE) -> 1 | J19: =VLOOKUP(A19,$O$73:$AN$104,B19+2,FALSE) -> 0 | K19: =VLOOKUP(A19,$O$175:$AM$206,B19+1,FALSE) -> 5 | L19: ='Aztec Metered Load'!C23 -> 4.435 | O19: =O18+1 -> 45763 | P19: Aztec | Q19: 5 | R19: 5 | S19: 5 | T19: 5 | U19: 5 | V19: 5 | W19: 5 | X19: 5 | Y19: 5 | Z19: 5 | AA19: 5 | AB19: 5 | AC19: 5 | AD19: 5 | AE19: 5 | AF19: 5 | AG19: 5 | AH19: 5 | AI19: 5 | AJ19: 5 | AK19: 5 | AL19: 5 | AM19: 5 | AN19: 5 | AO19: =SUM(Q19:AN19) -> 120
A20: =IF(B19=24,A19+1,A19) -> 45748 | B20: =IF(B19=24,1,B19+1) -> 18 | C20: =IFERROR(MATCH(A21,NERCHolidays!$B$2:$B$121,0),0) -> 0 | D20: =IF(AND(B20>=8,B20<=23),1,0) -> 1 | E20: =IF(OR(WEEKDAY(A20)=1,C20<>0),"OP",IF(D20=0,"OP","PK")) -> PK | F20: =VLOOKUP(A20,$O$3:$AN$34,B20+2,FALSE) -> 5 | G20: =VLOOKUP(A20,$O$107:$AM$138,B20+1,FALSE) -> 0 | H20: =VLOOKUP(A20,$O$142:$AM$173,B20+1,FALSE) -> 0 | I20: =VLOOKUP(A20,$O$40:$AN$70,B20+2,FALSE) -> 1 | J20: =VLOOKUP(A20,$O$73:$AN$104,B20+2,FALSE) -> 0 | K20: =VLOOKUP(A20,$O$175:$AM$206,B20+1,FALSE) -> 5 | L20: ='Aztec Metered Load'!C24 -> 4.48 | O20: =O19+1 -> 45764 | P20: Aztec | Q20: 5 | R20: 5 | S20: 5 | T20: 5 | U20: 5 | V20: 5 | W20: 5 | X20: 5 | Y20: 5 | Z20: 5 | AA20: 5 | AB20: 5 | AC20: 5 | AD20: 5 | AE20: 5 | AF20: 5 | AG20: 5 | AH20: 5 | AI20: 5 | AJ20: 5 | AK20: 5 | AL20: 5 | AM20: 5 | AN20: 5 | AO20: =SUM(Q20:AN20) -> 120
A21: =IF(B20=24,A20+1,A20) -> 45748 | B21: =IF(B20=24,1,B20+1) -> 19 | C21: =IFERROR(MATCH(A22,NERCHolidays!$B$2:$B$121,0),0) -> 0 | D21: =IF(AND(B21>=8,B21<=23),1,0) -> 1 | E21: =IF(OR(WEEKDAY(A21)=1,C21<>0),"OP",IF(D21=0,"OP","PK")) -> PK | F21: =VLOOKUP(A21,$O$3:$AN$34,B21+2,FALSE) -> 5 | G21: =VLOOKUP(A21,$O$107:$AM$138,B21+1,FALSE) -> 1 | H21: =VLOOKUP(A21,$O$142:$AM$173,B21+1,FALSE) -> 0 | I21: =VLOOKUP(A21,$O$40:$AN$70,B21+2,FALSE) -> 1 | J21: =VLOOKUP(A21,$O$73:$AN$104,B21+2,FALSE) -> 0 | K21: =VLOOKUP(A21,$O$175:$AM$206,B21+1,FALSE) -> 6 | L21: ='Aztec Metered Load'!C25 -> 4.661 | O21: =O20+1 -> 45765 | P21: Aztec | Q21: 5 | R21: 5 | S21: 5 | T21: 5 | U21: 5 | V21: 5 | W21: 5 | X21: 5 | Y21: 5 | Z21: 5 | AA21: 5 | AB21: 5 | AC21: 5 | AD21: 5 | AE21: 5 | AF21: 5 | AG21: 5 | AH21: 5 | AI21: 5 | AJ21: 5 | AK21: 5 | AL21: 5 | AM21: 5 | AN21: 5 | AO21: =SUM(Q21:AN21) -> 120
A22: =IF(B21=24,A21+1,A21) -> 45748 | B22: =IF(B21=24,1,B21+1) -> 20 | C22: =IFERROR(MATCH(A23,NERCHolidays!$B$2:$B$121,0),0) -> 0 | D22: =IF(AND(B22>=8,B22<=23),1,0) -> 1 | E22: =IF(OR(WEEKDAY(A22)=1,C22<>0),"OP",IF(D22=0,"OP","PK")) -> PK | F22: =VLOOKUP(A22,$O$3:$AN$34,B22+2,FALSE) -> 5 | G22: =VLOOKUP(A22,$O$107:$AM$138,B22+1,FALSE) -> 1 | H22: =VLOOKUP(A22,$O$142:$AM$173,B22+1,FALSE) -> 0 | I22: =VLOOKUP(A22,$O$40:$AN$70,B22+2,FALSE) -> 1 | J22: =VLOOKUP(A22,$O$73:$AN$104,B22+2,FALSE) -> 0 | K22: =VLOOKUP(A22,$O$175:$AM$206,B22+1,FALSE) -> 6 | L22: ='Aztec Metered Load'!C26 -> 4.837 | O22: =O21+1 -> 45766 | P22: Aztec | Q22: 5 | R22: 0 | S22: 4 | T22: 5 | U22: 5 | V22: 5 | W22: 5 | X22: 5 | Y22: 0 | Z22: 5 | AA22: 5 | AB22: 5 | AC22: 5 | AD22: 5 | AE22: 5 | AF22: 5 | AG22: 5 | AH22: 0 | AI22: 5 | AJ22: 5 | AK22: 5 | AL22: 5 | AM22: 5 | AN22: 5 | AO22: =SUM(Q22:AN22) -> 104
A23: =IF(B22=24,A22+1,A22) -> 45748 | B23: =IF(B22=24,1,B22+1) -> 21 | C23: =IFERROR(MATCH(A24,NERCHolidays!$B$2:$B$121,0),0) -> 0 | D23: =IF(AND(B23>=8,B23<=23),1,0) -> 1 | E23: =IF(OR(WEEKDAY(A23)=1,C23<>0),"OP",IF(D23=0,"OP","PK")) -> PK | F23: =VLOOKUP(A23,$O$3:$AN$34,B23+2,FALSE) -> 5 | G23: =VLOOKUP(A23,$O$107:$AM$138,B23+1,FALSE) -> 1 | H23: =VLOOKUP(A23,$O$142:$AM$173,B23+1,FALSE) -> 0 | I23: =VLOOKUP(A23,$O$40:$AN$70,B23+2,FALSE) -> 1 | J23: =VLOOKUP(A23,$O$73:$AN$104,B23+2,FALSE) -> 0 | K23: =VLOOKUP(A23,$O$175:$AM$206,B23+1,FALSE) -> 6 | L23: ='Aztec Metered Load'!C27 -> 4.637 | O23: =O22+1 -> 45767 | P23: Aztec | Q23: 0 | R23: 5 | S23: 5 | T23: 5 | U23: 5 | V23: 5 | W23: 5 | X23: 5 | Y23: 5 | Z23: 5 | AA23: 5 | AB23: 5 | AC23: 5 | AD23: 5 | AE23: 5 | AF23: 5 | AG23: 5 | AH23: 5 | AI23: 5 | AJ23: 5 | AK23: 5 | AL23: 5 | AM23: 5 | AN23: 5 | AO23: =SUM(Q23:AN23) -> 115
... A33: =IF(B32=24,A32+1,A32) -> 45749 | B33: =IF(B32=24,1,B32+1) -> 7 | C33: =IFERROR(MATCH(A34,NERCHolidays!$B$2:$B$121,0),0) -> 0 | D33: =IF(AND(B33>=8,B33<=23),1,0) -> 0 | E33: =IF(OR(WEEKDAY(A33)=1,C33<>0),"OP",IF(D33=0,"OP","PK")) -> OP | F33: =VLOOKUP(A33,$O$3:$AN$34,B33+2,FALSE) -> 5 | G33: =VLOOKUP(A33,$O$107:$AM$138,B33+1,FALSE) -> 1 | H33: =VLOOKUP(A33,$O$142:$AM$173,B33+1,FALSE) -> 0 | I33: =VLOOKUP(A33,$O$40:$AN$70,B33+2,FALSE) -> 1 | J33: =VLOOKUP(A33,$O$73:$AN$104,B33+2,FALSE) -> 0 | K33: =VLOOKUP(A33,$O$175:$AM$206,B33+1,FALSE) -> 6 | L33: ='Aztec Metered Load'!C37 -> 5.495 | O33: =O32+1 -> 45777 | P33: Aztec | Q33: 4 | R33: 4 | S33: 4 | T33: 4 | U33: 4 | V33: 4 | W33: 5 | X33: 5 | Y33: 5 | Z33: 5 | AA33: 5 | AB33: 5 | AC33: 5 | AD33: 5 | AE33: 5 | AF33: 5 | AG33: 5 | AH33: 5 | AI33: 5 | AJ33: 5 | AK33: 5 | AL33: 5 | AM33: 4 | AN33: 4 | AO33: =SUM(Q33:AN33) -> 112
A34: =IF(B33=24,A33+1,A33) -> 45749 | B34: =IF(B33=24,1,B33+1) -> 8 | C34: =IFERROR(MATCH(A35,NERCHolidays!$B$2:$B$121,0),0) -> 0 | D34: =IF(AND(B34>=8,B34<=23),1,0) -> 1 | E34: =IF(OR(WEEKDAY(A34)=1,C34<>0),"OP",IF(D34=0,"OP","PK")) -> PK | F34: =VLOOKUP(A34,$O$3:$AN$34,B34+2,FALSE) -> 5 | G34: =VLOOKUP(A34,$O$107:$AM$138,B34+1,FALSE) -> 1 | H34: =VLOOKUP(A34,$O$142:$AM$173,B34+1,FALSE) -> 0 | I34: =VLOOKUP(A34,$O$40:$AN$70,B34+2,FALSE) -> 1 | J34: =VLOOKUP(A34,$O$73:$AN$104,B34+2,FALSE) -> 0 | K34: =VLOOKUP(A34,$O$175:$AM$206,B34+1,FALSE) -> 6 | L34: ='Aztec Metered Load'!C38 -> 5.203 | AO34: =SUM(Q34:AN34) -> 0
A35: =IF(B34=24,A34+1,A34) -> 45749 | B35: =IF(B34=24,1,B34+1) -> 9 | C35: =IFERROR(MATCH(A36,NERCHolidays!$B$2:$B$121,0),0) -> 0 | D35: =IF(AND(B35>=8,B35<=23),1,0) -> 1 | E35: =IF(OR(WEEKDAY(A35)=1,C35<>0),"OP",IF(D35=0,"OP","PK")) -> PK | F35: =VLOOKUP(A35,$O$3:$AN$34,B35+2,FALSE) -> 5 | G35: =VLOOKUP(A35,$O$107:$AM$138,B35+1,FALSE) -> 1 | H35: =VLOOKUP(A35,$O$142:$AM$173,B35+1,FALSE) -> 0 | I35: =VLOOKUP(A35,$O$40:$AN$70,B35+2,FALSE) -> 1 | J35: =VLOOKUP(A35,$O$73:$AN$104,B35+2,FALSE) -> 0 | K35: =VLOOKUP(A35,$O$175:$AM$206,B35+1,FALSE) -> 6 | L35: ='Aztec Metered Load'!C39 -> 4.929 | AO35: =SUM(AO4:AO34) -> 3535
A36: =IF(B35=24,A35+1,A35) -> 45749 | B36: =IF(B35=24,1,B35+1) -> 10 | C36: =IFERROR(MATCH(A37,NERCHolidays!$B$2:$B$121,0),0) -> 0 | D36: =IF(AND(B36>=8,B36<=23),1,0) -> 1 | E36: =IF(OR(WEEKDAY(A36)=1,C36<>0),"OP",IF(D36=0,"OP","PK")) -> PK | F36: =VLOOKUP(A36,$O$3:$AN$34,B36+2,FALSE) -> 5 | G36: =VLOOKUP(A36,$O$107:$AM$138,B36+1,FALSE) -> 0 | H36: =VLOOKUP(A36,$O$142:$AM$173,B36+1,FALSE) -> 0 | I36: =VLOOKUP(A36,$O$40:$AN$70,B36+2,FALSE) -> 1 | J36: =VLOOKUP(A36,$O$73:$AN$104,B36+2,FALSE) -> 0 | K36: =VLOOKUP(A36,$O$175:$AM$206,B36+1,FALSE) -> 5 | L36: ='Aztec Metered Load'!C40 -> 4.474
A37: =IF(B36=24,A36+1,A36) -> 45749 | B37: =IF(B36=24,1,B36+1) -> 11 | C37: =IFERROR(MATCH(A38,NERCHolidays!$B$2:$B$121,0),0) -> 0 | D37: =IF(AND(B37>=8,B37<=23),1,0) -> 1 | E37: =IF(OR(WEEKDAY(A37)=1,C37<>0),"OP",IF(D37=0,"OP","PK")) -> PK | F37: =VLOOKUP(A37,$O$3:$AN$34,B37+2,FALSE) -> 5 | G37: =VLOOKUP(A37,$O$107:$AM$138,B37+1,FALSE) -> 0 | H37: =VLOOKUP(A37,$O$142:$AM$173,B37+1,FALSE) -> 0 | I37: =VLOOKUP(A37,$O$40:$AN$70,B37+2,FALSE) -> 1 | J37: =VLOOKUP(A37,$O$73:$AN$104,B37+2,FALSE) -> 0 | K37: =VLOOKUP(A37,$O$175:$AM$206,B37+1,FALSE) -> 5 | L37: ='Aztec Metered Load'!C41 -> 4.202
A38: =IF(B37=24,A37+1,A37) -> 45749 | B38: =IF(B37=24,1,B37+1) -> 12 | C38: =IFERROR(MATCH(A39,NERCHolidays!$B$2:$B$121,0),0) -> 0 | D38: =IF(AND(B38>=8,B38<=23),1,0) -> 1 | E38: =IF(OR(WEEKDAY(A38)=1,C38<>0),"OP",IF(D38=0,"OP","PK")) -> PK | F38: =VLOOKUP(A38,$O$3:$AN$34,B38+2,FALSE) -> 5 | G38: =VLOOKUP(A38,$O$107:$AM$138,B38+1,FALSE) -> 0 | H38: =VLOOKUP(A38,$O$142:$AM$173,B38+1,FALSE) -> 0 | I38: =VLOOKUP(A38,$O$40:$AN$70,B38+2,FALSE) -> 1 | J38: =VLOOKUP(A38,$O$73:$AN$104,B38+2,FALSE) -> 0 | K38: =VLOOKUP(A38,$O$175:$AM$206,B38+1,FALSE) -> 5 | L38: ='Aztec Metered Load'!C42 -> 3.934 | O38: WRP-Replacement
A39: =IF(B38=24,A38+1,A38) -> 45749 | B39: =IF(B38=24,1,B38+1) -> 13 | C39: =IFERROR(MATCH(A40,NERCHolidays!$B$2:$B$121,0),0) -> 0 | D39: =IF(AND(B39>=8,B39<=23),1,0) -> 1 | E39: =IF(OR(WEEKDAY(A39)=1,C39<>0),"OP",IF(D39=0,"OP","PK")) -> PK | F39: =VLOOKUP(A39,$O$3:$AN$34,B39+2,FALSE) -> 5 | G39: =VLOOKUP(A39,$O$107:$AM$138,B39+1,FALSE) -> 0 | H39: =VLOOKUP(A39,$O$142:$AM$173,B39+1,FALSE) -> 0 | I39: =VLOOKUP(A39,$O$40:$AN$70,B39+2,FALSE) -> 1 | J39: =VLOOKUP(A39,$O$73:$AN$104,B39+2,FALSE) -> 0 | K39: =VLOOKUP(A39,$O$175:$AM$206,B39+1,FALSE) -> 5 | L39: ='Aztec Metered Load'!C43 -> 4.004 | P39: Day | Q39: HE 1 | R39: HE 2 | S39: HE 3 | T39: HE 4 | U39: HE 5 | V39: HE 6 | W39: HE 7 | X39: HE 8 | Y39: HE 9 | Z39: HE 10 | AA39: HE 11 | AB39: HE 12 | AC39: HE 13 | AD39: HE 14 | AE39: HE 15 | AF39: HE 16 | AG39: HE 17 | AH39: HE 18 | AI39: HE 19 | AJ39: HE 20 | AK39: HE 21 | AL39: HE 22 | AM39: HE 23 | AN39: HE 24 | AO39: TOTALS | AP39: On-Peak | AQ39: Off-Peak
A40: =IF(B39=24,A39+1,A39) -> 45749 | B40: =IF(B39=24,1,B39+1) -> 14 | C40: =IFERROR(MATCH(A41,NERCHolidays!$B$2:$B$121,0),0) -> 0 | D40: =IF(AND(B40>=8,B40<=23),1,0) -> 1 | E40: =IF(OR(WEEKDAY(A40)=1,C40<>0),"OP",IF(D40=0,"OP","PK")) -> PK | F40: =VLOOKUP(A40,$O$3:$AN$34,B40+2,FALSE) -> 5 | G40: =VLOOKUP(A40,$O$107:$AM$138,B40+1,FALSE) -> 0 | H40: =VLOOKUP(A40,$O$142:$AM$173,B40+1,FALSE) -> 0 | I40: =VLOOKUP(A40,$O$40:$AN$70,B40+2,FALSE) -> 1 | J40: =VLOOKUP(A40,$O$73:$AN$104,B40+2,FALSE) -> 0 | K40: =VLOOKUP(A40,$O$175:$AM$206,B40+1,FALSE) -> 5 | L40: ='Aztec Metered Load'!C44 -> 3.866 | O40: =O4 -> 45748 | P40: 3 | Q40: 1 | R40: 1 | S40: 2 | T40: 2 | U40: 2 | V40: 2 | W40: 1 | X40: 1 | Y40: 1 | Z40: 1 | AA40: 1 | AB40: 1 | AC40: 1 | AD40: 1 | AE40: 1 | AF40: 1 | AG40: 1 | AH40: 1 | AI40: 1 | AJ40: 1 | AK40: 1 | AL40: 1 | AM40: 1 | AN40: 1 | AO40: =SUM(Q40:AN40) -> 28 | AP40: =IF(P40="SUNDAY",0,SUM(X40:AM40)) -> 16 | AQ40: =IF(P40="SUNDAY",SUM(Q40:AN40),SUM(Q40:W40,AN40:AN40)) -> 12
A41: =IF(B40=24,A40+1,A40) -> 45749 | B41: =IF(B40=24,1,B40+1) -> 15 | C41: =IFERROR(MATCH(A42,NERCHolidays!$B$2:$B$121,0),0) -> 0 | D41: =IF(AND(B41>=8,B41<=23),1,0) -> 1 | E41: =IF(OR(WEEKDAY(A41)=1,C41<>0),"OP",IF(D41=0,"OP","PK")) -> PK | F41: =VLOOKUP(A41,$O$3:$AN$34,B41+2,FALSE) -> 5 | G41: =VLOOKUP(A41,$O$107:$AM$138,B41+1,FALSE) -> 0 | H41: =VLOOKUP(A41,$O$142:$AM$173,B41+1,FALSE) -> 0 | I41: =VLOOKUP(A41,$O$40:$AN$70,B41+2,FALSE) -> 1 | J41: =VLOOKUP(A41,$O$73:$AN$104,B41+2,FALSE) -> 0 | K41: =VLOOKUP(A41,$O$175:$AM$206,B41+1,FALSE) -> 5 | L41: ='Aztec Metered Load'!C45 -> 3.914 | O41: =O5 -> 45749 | P41: 4 | Q41: 1 | R41: 1 | S41: 2 | T41: 2 | U41: 2 | V41: 2 | W41: 1 | X41: 1 | Y41: 1 | Z41: 1 | AA41: 1 | AB41: 1 | AC41: 1 | AD41: 1 | AE41: 1 | AF41: 1 | AG41: 1 | AH41: 1 | AI41: 1 | AJ41: 1 | AK41: 1 | AL41: 1 | AM41: 1 | AN41: 1 | AO41: =SUM(Q41:AN41) -> 28 | AP41: =IF(P41="SUNDAY",0,SUM(X41:AM41)) -> 16 | AQ41: =IF(P41="SUNDAY",SUM(Q41:AN41),SUM(Q41:W41,AN41:AN41)) -> 12
A42: =IF(B41=24,A41+1,A41) -> 45749 | B42: =IF(B41=24,1,B41+1) -> 16 | C42: =IFERROR(MATCH(A43,NERCHolidays!$B$2:$B$121,0),0) -> 0 | D42: =IF(AND(B42>=8,B42<=23),1,0) -> 1 | E42: =IF(OR(WEEKDAY(A42)=1,C42<>0),"OP",IF(D42=0,"OP","PK")) -> PK | F42: =VLOOKUP(A42,$O$3:$AN$34,B42+2,FALSE) -> 5 | G42: =VLOOKUP(A42,$O$107:$AM$138,B42+1,FALSE) -> 0 | H42: =VLOOKUP(A42,$O$142:$AM$173,B42+1,FALSE) -> 0 | I42: =VLOOKUP(A42,$O$40:$AN$70,B42+2,FALSE) -> 1 | J42: =VLOOKUP(A42,$O$73:$AN$104,B42+2,FALSE) -> 0 | K42: =VLOOKUP(A42,$O$175:$AM$206,B42+1,FALSE) -> 5 | L42: ='Aztec Metered Load'!C46 -> 4.325 | O42: =O6 -> 45750 | P42: 5 | Q42: 1 | R42: 1 | S42: 2 | T42: 2 | U42: 2 | V42: 2 | W42: 1 | X42: 1 | Y42: 1 | Z42: 1 | AA42: 1 | AB42: 1 | AC42: 1 | AD42: 1 | AE42: 1 | AF42: 1 | AG42: 1 | AH42: 1 | AI42: 1 | AJ42: 1 | AK42: 1 | AL42: 1 | AM42: 1 | AN42: 1 | AO42: =SUM(Q42:AN42) -> 28 | AP42: =IF(P42="SUNDAY",0,SUM(X42:AM42)) -> 16 | AQ42: =IF(P42="SUNDAY",SUM(Q42:AN42),SUM(Q42:W42,AN42:AN42)) -> 12
A43: =IF(B42=24,A42+1,A42) -> 45749 | B43: =IF(B42=24,1,B42+1) -> 17 | C43: =IFERROR(MATCH(A44,NERCHolidays!$B$2:$B$121,0),0) -> 0 | D43: =IF(AND(B43>=8,B43<=23),1,0) -> 1 | E43: =IF(OR(WEEKDAY(A43)=1,C43<>0),"OP",IF(D43=0,"OP","PK")) -> PK | F43: =VLOOKUP(A43,$O$3:$AN$34,B43+2,FALSE) -> 5 | G43: =VLOOKUP(A43,$O$107:$AM$138,B43+1,FALSE) -> 0 | H43: =VLOOKUP(A43,$O$142:$AM$173,B43+1,FALSE) -> 0 | I43: =VLOOKUP(A43,$O$40:$AN$70,B43+2,FALSE) -> 1 | J43: =VLOOKUP(A43,$O$73:$AN$104,B43+2,FALSE) -> 0 | K43: =VLOOKUP(A43,$O$175:$AM$206,B43+1,FALSE) -> 5 | L43: ='Aztec Metered Load'!C47 -> 3.986 | O43: =O7 -> 45751 | P43: 6 | Q43: 1 | R43: 1 | S43: 2 | T43: 2 | U43: 2 | V43: 2 | W43: 1 | X43: 1 | Y43: 1 | Z43: 1 | AA43: 1 | AB43: 1 | AC43: 1 | AD43: 1 | AE43: 1 | AF43: 1 | AG43: 1 | AH43: 1 | AI43: 1 | AJ43: 1 | AK43: 1 | AL43: 1 | AM43: 1 | AN43: 1 | AO43: =SUM(Q43:AN43) -> 28 | AP43: =IF(P43="SUNDAY",0,SUM(X43:AM43)) -> 16 | AQ43: =IF(P43="SUNDAY",SUM(Q43:AN43),SUM(Q43:W43,AN43:AN43)) -> 12
A44: =IF(B43=24,A43+1,A43) -> 45749 | B44: =IF(B43=24,1,B43+1) -> 18 | C44: =IFERROR(MATCH(A45,NERCHolidays!$B$2:$B$121,0),0) -> 0 | D44: =IF(AND(B44>=8,B44<=23),1,0) -> 1 | E44: =IF(OR(WEEKDAY(A44)=1,C44<>0),"OP",IF(D44=0,"OP","PK")) -> PK | F44: =VLOOKUP(A44,$O$3:$AN$34,B44+2,FALSE) -> 5 | G44: =VLOOKUP(A44,$O$107:$AM$138,B44+1,FALSE) -> 0 | H44: =VLOOKUP(A44,$O$142:$AM$173,B44+1,FALSE) -> 0 | I44: =VLOOKUP(A44,$O$40:$AN$70,B44+2,FALSE) -> 1 | J44: =VLOOKUP(A44,$O$73:$AN$104,B44+2,FALSE) -> 0 | K44: =VLOOKUP(A44,$O$175:$AM$206,B44+1,FALSE) -> 5 | L44: ='Aztec Metered Load'!C48 -> 4.298 | O44: =O8 -> 45752 | P44: 7 | Q44: 1 | R44: 1 | S44: 2 | T44: 2 | U44: 2 | V44: 2 | W44: 1 | X44: 1 | Y44: 1 | Z44: 1 | AA44: 1 | AB44: 1 | AC44: 1 | AD44: 1 | AE44: 1 | AF44: 1 | AG44: 1 | AH44: 1 | AI44: 1 | AJ44: 1 | AK44: 1 | AL44: 1 | AM44: 1 | AN44: 1 | AO44: =SUM(Q44:AN44) -> 28 | AP44: =IF(P44="SUNDAY",0,SUM(X44:AM44)) -> 16 | AQ44: =IF(P44="SUNDAY",SUM(Q44:AN44),SUM(Q44:W44,AN44:AN44)) -> 12
A45: =IF(B44=24,A44+1,A44) -> 45749 | B45: =IF(B44=24,1,B44+1) -> 19 | C45: =IFERROR(MATCH(A46,NERCHolidays!$B$2:$B$121,0),0) -> 0 | D45: =IF(AND(B45>=8,B45<=23),1,0) -> 1 | E45: =IF(OR(WEEKDAY(A45)=1,C45<>0),"OP",IF(D45=0,"OP","PK")) -> PK | F45: =VLOOKUP(A45,$O$3:$AN$34,B45+2,FALSE) -> 5 | G45: =VLOOKUP(A45,$O$107:$AM$138,B45+1,FALSE) -> 1 | H45: =VLOOKUP(A45,$O$142:$AM$173,B45+1,FALSE) -> 0 | I45: =VLOOKUP(A45,$O$40:$AN$70,B45+2,FALSE) -> 1 | J45: =VLOOKUP(A45,$O$73:$AN$104,B45+2,FALSE) -> 0 | K45: =VLOOKUP(A45,$O$175:$AM$206,B45+1,FALSE) -> 6 | L45: ='Aztec Metered Load'!C49 -> 4.708 | O45: =O9 -> 45753 | P45: Sunday | Q45: 1 | R45: 1 | S45: 2 | T45: 2 | U45: 2 | V45: 2 | W45: 1 | X45: 1 | Y45: 1 | Z45: 1 | AA45: 1 | AB45: 1 | AC45: 1 | AD45: 1 | AE45: 1 | AF45: 1 | AG45: 1 | AH45: 1 | AI45: 1 | AJ45: 1 | AK45: 1 | AL45: 1 | AM45: 1 | AN45: 1 | AO45: =SUM(Q45:AN45) -> 28 | AP45: =IF(P45="SUNDAY",0,SUM(X45:AM45)) -> 0 | AQ45: =IF(P45="SUNDAY",SUM(Q45:AN45),SUM(Q45:W45,AN45:AN45)) -> 28
A46: =IF(B45=24,A45+1,A45) -> 45749 | B46: =IF(B45=24,1,B45+1) -> 20 | C46: =IFERROR(MATCH(A47,NERCHolidays!$B$2:$B$121,0),0) -> 0 | D46: =IF(AND(B46>=8,B46<=23),1,0) -> 1 | E46: =IF(OR(WEEKDAY(A46)=1,C46<>0),"OP",IF(D46=0,"OP","PK")) -> PK | F46: =VLOOKUP(A46,$O$3:$AN$34,B46+2,FALSE) -> 5 | G46: =VLOOKUP(A46,$O$107:$AM$138,B46+1,FALSE) -> 1 | H46: =VLOOKUP(A46,$O$142:$AM$173,B46+1,FALSE) -> 0 | I46: =VLOOKUP(A46,$O$40:$AN$70,B46+2,FALSE) -> 1 | J46: =VLOOKUP(A46,$O$73:$AN$104,B46+2,FALSE) -> 0 | K46: =VLOOKUP(A46,$O$175:$AM$206,B46+1,FALSE) -> 6 | L46: ='Aztec Metered Load'!C50 -> 4.646 | O46: =O10 -> 45754 | P46: 2 | Q46: 1 | R46: 1 | S46: 2 | T46: 2 | U46: 2 | V46: 2 | W46: 1 | X46: 1 | Y46: 1 | Z46: 1 | AA46: 1 | AB46: 1 | AC46: 1 | AD46: 1 | AE46: 1 | AF46: 1 | AG46: 1 | AH46: 1 | AI46: 1 | AJ46: 1 | AK46: 1 | AL46: 1 | AM46: 1 | AN46: 1 | AO46: =SUM(Q46:AN46) -> 28 | AP46: =IF(P46="SUNDAY",0,SUM(X46:AM46)) -> 16 | AQ46: =IF(P46="SUNDAY",SUM(Q46:AN46),SUM(Q46:W46,AN46:AN46)) -> 12
A47: =IF(B46=24,A46+1,A46) -> 45749 | B47: =IF(B46=24,1,B46+1) -> 21 | C47: =IFERROR(MATCH(A48,NERCHolidays!$B$2:$B$121,0),0) -> 0 | D47: =IF(AND(B47>=8,B47<=23),1,0) -> 1 | E47: =IF(OR(WEEKDAY(A47)=1,C47<>0),"OP",IF(D47=0,"OP","PK")) -> PK | F47: =VLOOKUP(A47,$O$3:$AN$34,B47+2,FALSE) -> 5 | G47: =VLOOKUP(A47,$O$107:$AM$138,B47+1,FALSE) -> 1 | H47: =VLOOKUP(A47,$O$142:$AM$173,B47+1,FALSE) -> 0 | I47: =VLOOKUP(A47,$O$40:$AN$70,B47+2,FALSE) -> 1 | J47: =VLOOKUP(A47,$O$73:$AN$104,B47+2,FALSE) -> 0 | K47: =VLOOKUP(A47,$O$175:$AM$206,B47+1,FALSE) -> 6 | L47: ='Aztec Metered Load'!C51 -> 4.529 | O47: =O11 -> 45755 | P47: 3 | Q47: 1 | R47: 1 | S47: 2 | T47: 2 | U47: 2 | V47: 2 | W47: 1 | X47: 1 | Y47: 1 | Z47: 1 | AA47: 1 | AB47: 1 | AC47: 1 | AD47: 1 | AE47: 1 | AF47: 1 | AG47: 1 | AH47: 1 | AI47: 1 | AJ47: 1 | AK47: 1 | AL47: 1 | AM47: 1 | AN47: 1 | AO47: =SUM(Q47:AN47) -> 28 | AP47: =IF(P47="SUNDAY",0,SUM(X47:AM47)) -> 16 | AQ47: =IF(P47="SUNDAY",SUM(Q47:AN47),SUM(Q47:W47,AN47:AN47)) -> 12
A48: =IF(B47=24,A47+1,A47) -> 45749 | B48: =IF(B47=24,1,B47+1) -> 22 | C48: =IFERROR(MATCH(A49,NERCHolidays!$B$2:$B$121,0),0) -> 0 | D48: =IF(AND(B48>=8,B48<=23),1,0) -> 1 | E48: =IF(OR(WEEKDAY(A48)=1,C48<>0),"OP",IF(D48=0,"OP","PK")) -> PK | F48: =VLOOKUP(A48,$O$3:$AN$34,B48+2,FALSE) -> 5 | G48: =VLOOKUP(A48,$O$107:$AM$138,B48+1,FALSE) -> 1 | H48: =VLOOKUP(A48,$O$142:$AM$173,B48+1,FALSE) -> 0 | I48: =VLOOKUP(A48,$O$40:$AN$70,B48+2,FALSE) -> 1 | J48: =VLOOKUP(A48,$O$73:$AN$104,B48+2,FALSE) -> 0 | K48: =VLOOKUP(A48,$O$175:$AM$206,B48+1,FALSE) -> 6 | L48: ='Aztec Metered Load'!C52 -> 4.16 | O48: =O12 -> 45756 | P48: 4 | Q48: 1 | R48: 1 | S48: 2 | T48: 2 | U48: 2 | V48: 2 | W48: 1 | X48: 1 | Y48: 1 | Z48: 1 | AA48: 1 | AB48: 1 | AC48: 1 | AD48: 1 | AE48: 1 | AF48: 1 | AG48: 1 | AH48: 1 | AI48: 1 | AJ48: 1 | AK48: 1 | AL48: 1 | AM48: 1 | AN48: 1 | AO48: =SUM(Q48:AN48) -> 28 | AP48: =IF(P48="SUNDAY",0,SUM(X48:AM48)) -> 16 | AQ48: =IF(P48="SUNDAY",SUM(Q48:AN48),SUM(Q48:W48,AN48:AN48)) -> 12
A49: =IF(B48=24,A48+1,A48) -> 45749 | B49: =IF(B48=24,1,B48+1) -> 23 | C49: =IFERROR(MATCH(A50,NERCHolidays!$B$2:$B$121,0),0) -> 0 | D49: =IF(AND(B49>=8,B49<=23),1,0) -> 1 | E49: =IF(OR(WEEKDAY(A49)=1,C49<>0),"OP",IF(D49=0,"OP","PK")) -> PK | F49: =VLOOKUP(A49,$O$3:$AN$34,B49+2,FALSE) -> 5 | G49: =VLOOKUP(A49,$O$107:$AM$138,B49+1,FALSE) -> 1 | H49: =VLOOKUP(A49,$O$142:$AM$173,B49+1,FALSE) -> 0 | I49: =VLOOKUP(A49,$O$40:$AN$70,B49+2,FALSE) -> 1 | J49: =VLOOKUP(A49,$O$73:$AN$104,B49+2,FALSE) -> 0 | K49: =VLOOKUP(A49,$O$175:$AM$206,B49+1,FALSE) -> 6 | L49: ='Aztec Metered Load'!C53 -> 3.934 | O49: =O13 -> 45757 | P49: 5 | Q49: 1 | R49: 1 | S49: 2 | T49: 2 | U49: 2 | V49: 2 | W49: 1 | X49: 1 | Y49: 1 | Z49: 1 | AA49: 1 | AB49: 1 | AC49: 1 | AD49: 1 | AE49: 1 | AF49: 1 | AG49: 1 | AH49: 1 | AI49: 1 | AJ49: 1 | AK49: 1 | AL49: 1 | AM49: 1 | AN49: 1 | AO49: =SUM(Q49:AN49) -> 28 | AP49: =IF(P49="SUNDAY",0,SUM(X49:AM49)) -> 16 | AQ49: =IF(P49="SUNDAY",SUM(Q49:AN49),SUM(Q49:W49,AN49:AN49)) -> 12
A50: =IF(B49=24,A49+1,A49) -> 45749 | B50: =IF(B49=24,1,B49+1) -> 24 | C50: =IFERROR(MATCH(A51,NERCHolidays!$B$2:$B$121,0),0) -> 0 | D50: =IF(AND(B50>=8,B50<=23),1,0) -> 0 | E50: =IF(OR(WEEKDAY(A50)=1,C50<>0),"OP",IF(D50=0,"OP","PK")) -> OP | F50: =VLOOKUP(A50,$O$3:$AN$34,B50+2,FALSE) -> 5 | G50: =VLOOKUP(A50,$O$107:$AM$138,B50+1,FALSE) -> 0 | H50: =VLOOKUP(A50,$O$142:$AM$173,B50+1,FALSE) -> 0 | I50: =VLOOKUP(A50,$O$40:$AN$70,B50+2,FALSE) -> 1 | J50: =VLOOKUP(A50,$O$73:$AN$104,B50+2,FALSE) -> 0 | K50: =VLOOKUP(A50,$O$175:$AM$206,B50+1,FALSE) -> 5 | L50: ='Aztec Metered Load'!C54 -> 3.759 | O50: =O14 -> 45758 | P50: 6 | Q50: 1 | R50: 1 | S50: 2 | T50: 2 | U50: 2 | V50: 2 | W50: 1 | X50: 1 | Y50: 1 | Z50: 1 | AA50: 1 | AB50: 1 | AC50: 1 | AD50: 1 | AE50: 1 | AF50: 1 | AG50: 1 | AH50: 1 | AI50: 1 | AJ50: 1 | AK50: 1 | AL50: 1 | AM50: 1 | AN50: 1 | AO50: =SUM(Q50:AN50) -> 28 | AP50: =IF(P50="SUNDAY",0,SUM(X50:AM50)) -> 16 | AQ50: =IF(P50="SUNDAY",SUM(Q50:AN50),SUM(Q50:W50,AN50:AN50)) -> 12
A51: =IF(B50=24,A50+1,A50) -> 45750 | B51: =IF(B50=24,1,B50+1) -> 1 | C51: =IFERROR(MATCH(A52,NERCHolidays!$B$2:$B$121,0),0) -> 0 | D51: =IF(AND(B51>=8,B51<=23),1,0) -> 0 | E51: =IF(OR(WEEKDAY(A51)=1,C51<>0),"OP",IF(D51=0,"OP","PK")) -> OP | F51: =VLOOKUP(A51,$O$3:$AN$34,B51+2,FALSE) -> 5 | G51: =VLOOKUP(A51,$O$107:$AM$138,B51+1,FALSE) -> 1 | H51: =VLOOKUP(A51,$O$142:$AM$173,B51+1,FALSE) -> 0 | I51: =VLOOKUP(A51,$O$40:$AN$70,B51+2,FALSE) -> 1 | J51: =VLOOKUP(A51,$O$73:$AN$104,B51+2,FALSE) -> 0 | K51: =VLOOKUP(A51,$O$175:$AM$206,B51+1,FALSE) -> 6 | L51: ='Aztec Metered Load'!C55 -> 3.679 | O51: =O15 -> 45759 | P51: 7 | Q51: 1 | R51: 1 | S51: 2 | T51: 2 | U51: 2 | V51: 1 | W51: 1 | X51: 1 | Y51: 1 | Z51: 1 | AA51: 1 | AB51: 1 | AC51: 1 | AD51: 1 | AE51: 1 | AF51: 1 | AG51: 1 | AH51: 1 | AI51: 1 | AJ51: 1 | AK51: 1 | AL51: 1 | AM51: 1 | AN51: 1 | AO51: =SUM(Q51:AN51) -> 27 | AP51: =IF(P51="SUNDAY",0,SUM(X51:AM51)) -> 16 | AQ51: =IF(P51="SUNDAY",SUM(Q51:AN51),SUM(Q51:W51,AN51:AN51)) -> 11
A52: =IF(B51=24,A51+1,A51) -> 45750 | B52: =IF(B51=24,1,B51+1) -> 2 | C52: =IFERROR(MATCH(A53,NERCHolidays!$B$2:$B$121,0),0) -> 0 | D52: =IF(AND(B52>=8,B52<=23),1,0) -> 0 | E52: =IF(OR(WEEKDAY(A52)=1,C52<>0),"OP",IF(D52=0,"OP","PK")) -> OP | F52: =VLOOKUP(A52,$O$3:$AN$34,B52+2,FALSE) -> 5 | G52: =VLOOKUP(A52,$O$107:$AM$138,B52+1,FALSE) -> 1 | H52: =VLOOKUP(A52,$O$142:$AM$173,B52+1,FALSE) -> 0 | I52: =VLOOKUP(A52,$O$40:$AN$70,B52+2,FALSE) -> 1 | J52: =VLOOKUP(A52,$O$73:$AN$104,B52+2,FALSE) -> 0 | K52: =VLOOKUP(A52,$O$175:$AM$206,B52+1,FALSE) -> 6 | L52: ='Aztec Metered Load'!C56 -> 3.653 | O52: =O16 -> 45760 | P52: Sunday | Q52: 1 | R52: 1 | S52: 2 | T52: 2 | U52: 2 | V52: 1 | W52: 1 | X52: 1 | Y52: 1 | Z52: 1 | AA52: 1 | AB52: 1 | AC52: 1 | AD52: 1 | AE52: 1 | AF52: 1 | AG52: 1 | AH52: 1 | AI52: 1 | AJ52: 1 | AK52: 1 | AL52: 1 | AM52: 1 | AN52: 1 | AO52: =SUM(Q52:AN52) -> 27 | AP52: =IF(P52="SUNDAY",0,SUM(X52:AM52)) -> 0 | AQ52: =IF(P52="SUNDAY",SUM(Q52:AN52),SUM(Q52:W52,AN52:AN52)) -> 27
A53: =IF(B52=24,A52+1,A52) -> 45750 | B53: =IF(B52=24,1,B52+1) -> 3 | C53: =IFERROR(MATCH(A54,NERCHolidays!$B$2:$B$121,0),0) -> 0 | D53: =IF(AND(B53>=8,B53<=23),1,0) -> 0 | E53: =IF(OR(WEEKDAY(A53)=1,C53<>0),"OP",IF(D53=0,"OP","PK")) -> OP | F53: =VLOOKUP(A53,$O$3:$AN$34,B53+2,FALSE) -> 5 | G53: =VLOOKUP(A53,$O$107:$AM$138,B53+1,FALSE) -> 1 | H53: =VLOOKUP(A53,$O$142:$AM$173,B53+1,FALSE) -> 0 | I53: =VLOOKUP(A53,$O$40:$AN$70,B53+2,FALSE) -> 2 | J53: =VLOOKUP(A53,$O$73:$AN$104,B53+2,FALSE) -> 0 | K53: =VLOOKUP(A53,$O$175:$AM$206,B53+1,FALSE) -> 6 | L53: ='Aztec Metered Load'!C57 -> 3.742 | O53: =O17 -> 45761 | P53: 2 | Q53: 1 | R53: 1 | S53: 2 | T53: 2 | U53: 2 | V53: 1 | W53: 1 | X53: 1 | Y53: 1 | Z53: 1 | AA53: 1 | AB53: 1 | AC53: 1 | AD53: 1 | AE53: 1 | AF53: 1 | AG53: 1 | AH53: 1 | AI53: 1 | AJ53: 1 | AK53: 1 | AL53: 1 | AM53: 1 | AN53: 1 | AO53: =SUM(Q53:AN53) -> 27 | AP53: =IF(P53="SUNDAY",0,SUM(X53:AM53)) -> 16 | AQ53: =IF(P53="SUNDAY",SUM(Q53:AN53),SUM(Q53:W53,AN53:AN53)) -> 11
A54: =IF(B53=24,A53+1,A53) -> 45750 | B54: =IF(B53=24,1,B53+1) -> 4 | C54: =IFERROR(MATCH(A55,NERCHolidays!$B$2:$B$121,0),0) -> 0 | D54: =IF(AND(B54>=8,B54<=23),1,0) -> 0 | E54: =IF(OR(WEEKDAY(A54)=1,C54<>0),"OP",IF(D54=0,"OP","PK")) -> OP | F54: =VLOOKUP(A54,$O$3:$AN$34,B54+2,FALSE) -> 5 | G54: =VLOOKUP(A54,$O$107:$AM$138,B54+1,FALSE) -> 1 | H54: =VLOOKUP(A54,$O$142:$AM$173,B54+1,FALSE) -> 0 | I54: =VLOOKUP(A54,$O$40:$AN$70,B54+2,FALSE) -> 2 | J54: =VLOOKUP(A54,$O$73:$AN$104,B54+2,FALSE) -> 0 | K54: =VLOOKUP(A54,$O$175:$AM$206,B54+1,FALSE) -> 6 | L54: ='Aztec Metered Load'!C58 -> 3.905 | O54: =O18 -> 45762 | P54: 3 | Q54: 1 | R54: 1 | S54: 2 | T54: 2 | U54: 2 | V54: 1 | W54: 1 | X54: 1 | Y54: 1 | Z54: 1 | AA54: 1 | AB54: 1 | AC54: 1 | AD54: 1 | AE54: 1 | AF54: 1 | AG54: 1 | AH54: 1 | AI54: 1 | AJ54: 1 | AK54: 1 | AL54: 1 | AM54: 1 | AN54: 1 | AO54: =SUM(Q54:AN54) -> 27 | AP54: =IF(P54="SUNDAY",0,SUM(X54:AM54)) -> 16 | AQ54: =IF(P54="SUNDAY",SUM(Q54:AN54),SUM(Q54:W54,AN54:AN54)) -> 11
A55: =IF(B54=24,A54+1,A54) -> 45750 | B55: =IF(B54=24,1,B54+1) -> 5 | C55: =IFERROR(MATCH(A56,NERCHolidays!$B$2:$B$121,0),0) -> 0 | D55: =IF(AND(B55>=8,B55<=23),1,0) -> 0 | E55: =IF(OR(WEEKDAY(A55)=1,C55<>0),"OP",IF(D55=0,"OP","PK")) -> OP | F55: =VLOOKUP(A55,$O$3:$AN$34,B55+2,FALSE) -> 5 | G55: =VLOOKUP(A55,$O$107:$AM$138,B55+1,FALSE) -> 1 | H55: =VLOOKUP(A55,$O$142:$AM$173,B55+1,FALSE) -> 0 | I55: =VLOOKUP(A55,$O$40:$AN$70,B55+2,FALSE) -> 2 | J55: =VLOOKUP(A55,$O$73:$AN$104,B55+2,FALSE) -> 0 | K55: =VLOOKUP(A55,$O$175:$AM$206,B55+1,FALSE) -> 6 | L55: ='Aztec Metered Load'!C59 -> 4.276 | O55: =O19 -> 45763 | P55: 4 | Q55: 1 | R55: 1 | S55: 2 | T55: 2 | U55: 2 | V55: 1 | W55: 1 | X55: 1 | Y55: 1 | Z55: 1 | AA55: 1 | AB55: 1 | AC55: 1 | AD55: 1 | AE55: 1 | AF55: 1 | AG55: 1 | AH55: 1 | AI55: 1 | AJ55: 1 | AK55: 1 | AL55: 1 | AM55: 1 | AN55: 1 | AO55: =SUM(Q55:AN55) -> 27 | AP55: =IF(P55="SUNDAY",0,SUM(X55:AM55)) -> 16 | AQ55: =IF(P55="SUNDAY",SUM(Q55:AN55),SUM(Q55:W55,AN55:AN55)) -> 11
A56: =IF(B55=24,A55+1,A55) -> 45750 | B56: =IF(B55=24,1,B55+1) -> 6 | C56: =IFERROR(MATCH(A57,NERCHolidays!$B$2:$B$121,0),0) -> 0 | D56: =IF(AND(B56>=8,B56<=23),1,0) -> 0 | E56: =IF(OR(WEEKDAY(A56)=1,C56<>0),"OP",IF(D56=0,"OP","PK")) -> OP | F56: =VLOOKUP(A56,$O$3:$AN$34,B56+2,FALSE) -> 5 | G56: =VLOOKUP(A56,$O$107:$AM$138,B56+1,FALSE) -> 1 | H56: =VLOOKUP(A56,$O$142:$AM$173,B56+1,FALSE) -> 0 | I56: =VLOOKUP(A56,$O$40:$AN$70,B56+2,FALSE) -> 2 | J56: =VLOOKUP(A56,$O$73:$AN$104,B56+2,FALSE) -> 0 | K56: =VLOOKUP(A56,$O$175:$AM$206,B56+1,FALSE) -> 6 | L56: ='Aztec Metered Load'!C60 -> 4.968 | O56: =O20 -> 45764 | P56: 5 | Q56: 1 | R56: 1 | S56: 1 | T56: 2 | U56: 2 | V56: 1 | W56: 1 | X56: 1 | Y56: 1 | Z56: 1 | AA56: 1 | AB56: 1 | AC56: 1 | AD56: 1 | AE56: 1 | AF56: 1 | AG56: 1 | AH56: 1 | AI56: 1 | AJ56: 1 | AK56: 1 | AL56: 1 | AM56: 1 | AN56: 1 | AO56: =SUM(Q56:AN56) -> 26 | AP56: =IF(P56="SUNDAY",0,SUM(X56:AM56)) -> 16 | AQ56: =IF(P56="SUNDAY",SUM(Q56:AN56),SUM(Q56:W56,AN56:AN56)) -> 10
A57: =IF(B56=24,A56+1,A56) -> 45750 | B57: =IF(B56=24,1,B56+1) -> 7 | C57: =IFERROR(MATCH(A58,NERCHolidays!$B$2:$B$121,0),0) -> 0 | D57: =IF(AND(B57>=8,B57<=23),1,0) -> 0 | E57: =IF(OR(WEEKDAY(A57)=1,C57<>0),"OP",IF(D57=0,"OP","PK")) -> OP | F57: =VLOOKUP(A57,$O$3:$AN$34,B57+2,FALSE) -> 5 | G57: =VLOOKUP(A57,$O$107:$AM$138,B57+1,FALSE) -> 1 | H57: =VLOOKUP(A57,$O$142:$AM$173,B57+1,FALSE) -> 0 | I57: =VLOOKUP(A57,$O$40:$AN$70,B57+2,FALSE) -> 1 | J57: =VLOOKUP(A57,$O$73:$AN$104,B57+2,FALSE) -> 0 | K57: =VLOOKUP(A57,$O$175:$AM$206,B57+1,FALSE) -> 6 | L57: ='Aztec Metered Load'!C61 -> 5.305 | O57: =O21 -> 45765 | P57: 6 | Q57: 1 | R57: 1 | S57: 1 | T57: 2 | U57: 2 | V57: 1 | W57: 1 | X57: 1 | Y57: 1 | Z57: 1 | AA57: 1 | AB57: 1 | AC57: 1 | AD57: 1 | AE57: 1 | AF57: 1 | AG57: 1 | AH57: 1 | AI57: 1 | AJ57: 1 | AK57: 1 | AL57: 1 | AM57: 1 | AN57: 1 | AO57: =SUM(Q57:AN57) -> 26 | AP57: =IF(P57="SUNDAY",0,SUM(X57:AM57)) -> 16 | AQ57: =IF(P57="SUNDAY",SUM(Q57:AN57),SUM(Q57:W57,AN57:AN57)) -> 10
A58: =IF(B57=24,A57+1,A57) -> 45750 | B58: =IF(B57=24,1,B57+1) -> 8 | C58: =IFERROR(MATCH(A59,NERCHolidays!$B$2:$B$121,0),0) -> 0 | D58: =IF(AND(B58>=8,B58<=23),1,0) -> 1 | E58: =IF(OR(WEEKDAY(A58)=1,C58<>0),"OP",IF(D58=0,"OP","PK")) -> PK | F58: =VLOOKUP(A58,$O$3:$AN$34,B58+2,FALSE) -> 1 | G58: =VLOOKUP(A58,$O$107:$AM$138,B58+1,FALSE) -> 1 | H58: =VLOOKUP(A58,$O$142:$AM$173,B58+1,FALSE) -> 0 | I58: =VLOOKUP(A58,$O$40:$AN$70,B58+2,FALSE) -> 1 | J58: =VLOOKUP(A58,$O$73:$AN$104,B58+2,FALSE) -> 0 | K58: =VLOOKUP(A58,$O$175:$AM$206,B58+1,FALSE) -> 2 | L58: ='Aztec Metered Load'!C62 -> 5.099 | O58: =O22 -> 45766 | P58: 7 | Q58: 1 | R58: 1 | S58: 1 | T58: 2 | U58: 2 | V58: 1 | W58: 1 | X58: 1 | Y58: 1 | Z58: 1 | AA58: 1 | AB58: 1 | AC58: 1 | AD58: 1 | AE58: 1 | AF58: 1 | AG58: 1 | AH58: 1 | AI58: 1 | AJ58: 1 | AK58: 1 | AL58: 1 | AM58: 1 | AN58: 1 | AO58: =SUM(Q58:AN58) -> 26 | AP58: =IF(P58="SUNDAY",0,SUM(X58:AM58)) -> 16 | AQ58: =IF(P58="SUNDAY",SUM(Q58:AN58),SUM(Q58:W58,AN58:AN58)) -> 10
A59: =IF(B58=24,A58+1,A58) -> 45750 | B59: =IF(B58=24,1,B58+1) -> 9 | C59: =IFERROR(MATCH(A60,NERCHolidays!$B$2:$B$121,0),0) -> 0 | D59: =IF(AND(B59>=8,B59<=23),1,0) -> 1 | E59: =IF(OR(WEEKDAY(A59)=1,C59<>0),"OP",IF(D59=0,"OP","PK")) -> PK | F59: =VLOOKUP(A59,$O$3:$AN$34,B59+2,FALSE) -> 1 | G59: =VLOOKUP(A59,$O$107:$AM$138,B59+1,FALSE) -> 1 | H59: =VLOOKUP(A59,$O$142:$AM$173,B59+1,FALSE) -> 0 | I59: =VLOOKUP(A59,$O$40:$AN$70,B59+2,FALSE) -> 1 | J59: =VLOOKUP(A59,$O$73:$AN$104,B59+2,FALSE) -> 0 | K59: =VLOOKUP(A59,$O$175:$AM$206,B59+1,FALSE) -> 2 | L59: ='Aztec Metered Load'!C63 -> 4.91 | O59: =O23 -> 45767 | P59: Sunday | Q59: 1 | R59: 1 | S59: 1 | T59: 2 | U59: 2 | V59: 1 | W59: 1 | X59: 1 | Y59: 1 | Z59: 1 | AA59: 1 | AB59: 1 | AC59: 1 | AD59: 1 | AE59: 1 | AF59: 1 | AG59: 1 | AH59: 1 | AI59: 1 | AJ59: 1 | AK59: 1 | AL59: 1 | AM59: 1 | AN59: 1 | AO59: =SUM(Q59:AN59) -> 26 | AP59: =IF(P59="SUNDAY",0,SUM(X59:AM59)) -> 0 | AQ59: =IF(P59="SUNDAY",SUM(Q59:AN59),SUM(Q59:W59,AN59:AN59)) -> 26
A60: =IF(B59=24,A59+1,A59) -> 45750 | B60: =IF(B59=24,1,B59+1) -> 10 | C60: =IFERROR(MATCH(A61,NERCHolidays!$B$2:$B$121,0),0) -> 0 | D60: =IF(AND(B60>=8,B60<=23),1,0) -> 1 | E60: =IF(OR(WEEKDAY(A60)=1,C60<>0),"OP",IF(D60=0,"OP","PK")) -> PK | F60: =VLOOKUP(A60,$O$3:$AN$34,B60+2,FALSE) -> 5 | G60: =VLOOKUP(A60,$O$107:$AM$138,B60+1,FALSE) -> 0 | H60: =VLOOKUP(A60,$O$142:$AM$173,B60+1,FALSE) -> 0 | I60: =VLOOKUP(A60,$O$40:$AN$70,B60+2,FALSE) -> 1 | J60: =VLOOKUP(A60,$O$73:$AN$104,B60+2,FALSE) -> 0 | K60: =VLOOKUP(A60,$O$175:$AM$206,B60+1,FALSE) -> 5 | L60: ='Aztec Metered Load'!C64 -> 4.69 | O60: =O24 -> 45768 | P60: 2 | Q60: 1 | R60: 1 | S60: 1 | T60: 2 | U60: 2 | V60: 1 | W60: 1 | X60: 1 | Y60: 1 | Z60: 1 | AA60: 1 | AB60: 1 | AC60: 1 | AD60: 1 | AE60: 1 | AF60: 1 | AG60: 1 | AH60: 1 | AI60: 1 | AJ60: 1 | AK60: 1 | AL60: 1 | AM60: 1 | AN60: 1 | AO60: =SUM(Q60:AN60) -> 26 | AP60: =IF(P60="SUNDAY",0,SUM(X60:AM60)) -> 16 | AQ60: =IF(P60="SUNDAY",SUM(Q60:AN60),SUM(Q60:W60,AN60:AN60)) -> 10
A61: =IF(B60=24,A60+1,A60) -> 45750 | B61: =IF(B60=24,1,B60+1) -> 11 | C61: =IFERROR(MATCH(A62,NERCHolidays!$B$2:$B$121,0),0) -> 0 | D61: =IF(AND(B61>=8,B61<=23),1,0) -> 1 | E61: =IF(OR(WEEKDAY(A61)=1,C61<>0),"OP",IF(D61=0,"OP","PK")) -> PK | F61: =VLOOKUP(A61,$O$3:$AN$34,B61+2,FALSE) -> 5 | G61: =VLOOKUP(A61,$O$107:$AM$138,B61+1,FALSE) -> 0 | H61: =VLOOKUP(A61,$O$142:$AM$173,B61+1,FALSE) -> 0 | I61: =VLOOKUP(A61,$O$40:$AN$70,B61+2,FALSE) -> 1 | J61: =VLOOKUP(A61,$O$73:$AN$104,B61+2,FALSE) -> 0 | K61: =VLOOKUP(A61,$O$175:$AM$206,B61+1,FALSE) -> 5 | L61: ='Aztec Metered Load'!C65 -> 4.881 | O61: =O25 -> 45769 | P61: 3 | Q61: 1 | R61: 1 | S61: 1 | T61: 2 | U61: 2 | V61: 1 | W61: 1 | X61: 1 | Y61: 1 | Z61: 1 | AA61: 1 | AB61: 1 | AC61: 1 | AD61: 1 | AE61: 1 | AF61: 1 | AG61: 1 | AH61: 1 | AI61: 1 | AJ61: 1 | AK61: 1 | AL61: 1 | AM61: 1 | AN61: 1 | AO61: =SUM(Q61:AN61) -> 26 | AP61: =IF(P61="SUNDAY",0,SUM(X61:AM61)) -> 16 | AQ61: =IF(P61="SUNDAY",SUM(Q61:AN61),SUM(Q61:W61,AN61:AN61)) -> 10
A62: =IF(B61=24,A61+1,A61) -> 45750 | B62: =IF(B61=24,1,B61+1) -> 12 | C62: =IFERROR(MATCH(A63,NERCHolidays!$B$2:$B$121,0),0) -> 0 | D62: =IF(AND(B62>=8,B62<=23),1,0) -> 1 | E62: =IF(OR(WEEKDAY(A62)=1,C62<>0),"OP",IF(D62=0,"OP","PK")) -> PK | F62: =VLOOKUP(A62,$O$3:$AN$34,B62+2,FALSE) -> 5 | G62: =VLOOKUP(A62,$O$107:$AM$138,B62+1,FALSE) -> 0 | H62: =VLOOKUP(A62,$O$142:$AM$173,B62+1,FALSE) -> 0 | I62: =VLOOKUP(A62,$O$40:$AN$70,B62+2,FALSE) -> 1 | J62: =VLOOKUP(A62,$O$73:$AN$104,B62+2,FALSE) -> 0 | K62: =VLOOKUP(A62,$O$175:$AM$206,B62+1,FALSE) -> 5 | L62: ='Aztec Metered Load'!C66 -> 4.561 | O62: =O26 -> 45770 | P62: 4 | Q62: 1 | R62: 1 | S62: 1 | T62: 2 | U62: 2 | V62: 1 | W62: 1 | X62: 1 | Y62: 1 | Z62: 1 | AA62: 1 | AB62: 1 | AC62: 1 | AD62: 1 | AE62: 1 | AF62: 1 | AG62: 1 | AH62: 1 | AI62: 1 | AJ62: 1 | AK62: 1 | AL62: 1 | AM62: 1 | AN62: 1 | AO62: =SUM(Q62:AN62) -> 26 | AP62: =IF(P62="SUNDAY",0,SUM(X62:AM62)) -> 16 | AQ62: =IF(P62="SUNDAY",SUM(Q62:AN62),SUM(Q62:W62,AN62:AN62)) -> 10
A63: =IF(B62=24,A62+1,A62) -> 45750 | B63: =IF(B62=24,1,B62+1) -> 13 | C63: =IFERROR(MATCH(A64,NERCHolidays!$B$2:$B$121,0),0) -> 0 | D63: =IF(AND(B63>=8,B63<=23),1,0) -> 1 | E63: =IF(OR(WEEKDAY(A63)=1,C63<>0),"OP",IF(D63=0,"OP","PK")) -> PK | F63: =VLOOKUP(A63,$O$3:$AN$34,B63+2,FALSE) -> 5 | G63: =VLOOKUP(A63,$O$107:$AM$138,B63+1,FALSE) -> 0 | H63: =VLOOKUP(A63,$O$142:$AM$173,B63+1,FALSE) -> 0 | I63: =VLOOKUP(A63,$O$40:$AN$70,B63+2,FALSE) -> 1 | J63: =VLOOKUP(A63,$O$73:$AN$104,B63+2,FALSE) -> 0 | K63: =VLOOKUP(A63,$O$175:$AM$206,B63+1,FALSE) -> 5 | L63: ='Aztec Metered Load'!C67 -> 4.224 | O63: =O27 -> 45771 | P63: 5 | Q63: 1 | R63: 1 | S63: 1 | T63: 2 | U63: 2 | V63: 1 | W63: 1 | X63: 1 | Y63: 1 | Z63: 1 | AA63: 1 | AB63: 1 | AC63: 1 | AD63: 1 | AE63: 1 | AF63: 1 | AG63: 1 | AH63: 1 | AI63: 1 | AJ63: 1 | AK63: 1 | AL63: 1 | AM63: 1 | AN63: 1 | AO63: =SUM(Q63:AN63) -> 26 | AP63: =IF(P63="SUNDAY",0,SUM(X63:AM63)) -> 16 | AQ63: =IF(P63="SUNDAY",SUM(Q63:AN63),SUM(Q63:W63,AN63:AN63)) -> 10
A64: =IF(B63=24,A63+1,A63) -> 45750 | B64: =IF(B63=24,1,B63+1) -> 14 | C64: =IFERROR(MATCH(A65,NERCHolidays!$B$2:$B$121,0),0) -> 0 | D64: =IF(AND(B64>=8,B64<=23),1,0) -> 1 | E64: =IF(OR(WEEKDAY(A64)=1,C64<>0),"OP",IF(D64=0,"OP","PK")) -> PK | F64: =VLOOKUP(A64,$O$3:$AN$34,B64+2,FALSE) -> 5 | G64: =VLOOKUP(A64,$O$107:$AM$138,B64+1,FALSE) -> 0 | H64: =VLOOKUP(A64,$O$142:$AM$173,B64+1,FALSE) -> 0 | I64: =VLOOKUP(A64,$O$40:$AN$70,B64+2,FALSE) -> 1 | J64: =VLOOKUP(A64,$O$73:$AN$104,B64+2,FALSE) -> 0 | K64: =VLOOKUP(A64,$O$175:$AM$206,B64+1,FALSE) -> 5 | L64: ='Aztec Metered Load'!C68 -> 4.078 | O64: =O28 -> 45772 | P64: 6 | Q64: 1 | R64: 1 | S64: 1 | T64: 2 | U64: 2 | V64: 1 | W64: 1 | X64: 1 | Y64: 1 | Z64: 1 | AA64: 1 | AB64: 1 | AC64: 1 | AD64: 1 | AE64: 1 | AF64: 1 | AG64: 1 | AH64: 1 | AI64: 1 | AJ64: 1 | AK64: 1 | AL64: 1 | AM64: 1 | AN64: 1 | AO64: =SUM(Q64:AN64) -> 26 | AP64: =IF(P64="SUNDAY",0,SUM(X64:AM64)) -> 16 | AQ64: =IF(P64="SUNDAY",SUM(Q64:AN64),SUM(Q64:W64,AN64:AN64)) -> 10
A65: =IF(B64=24,A64+1,A64) -> 45750 | B65: =IF(B64=24,1,B64+1) -> 15 | C65: =IFERROR(MATCH(A66,NERCHolidays!$B$2:$B$121,0),0) -> 0 | D65: =IF(AND(B65>=8,B65<=23),1,0) -> 1 | E65: =IF(OR(WEEKDAY(A65)=1,C65<>0),"OP",IF(D65=0,"OP","PK")) -> PK | F65: =VLOOKUP(A65,$O$3:$AN$34,B65+2,FALSE) -> 5 | G65: =VLOOKUP(A65,$O$107:$AM$138,B65+1,FALSE) -> 0 | H65: =VLOOKUP(A65,$O$142:$AM$173,B65+1,FALSE) -> 0 | I65: =VLOOKUP(A65,$O$40:$AN$70,B65+2,FALSE) -> 1 | J65: =VLOOKUP(A65,$O$73:$AN$104,B65+2,FALSE) -> 0 | K65: =VLOOKUP(A65,$O$175:$AM$206,B65+1,FALSE) -> 5 | L65: ='Aztec Metered Load'!C69 -> 3.863 | O65: =O29 -> 45773 | P65: 7 | Q65: 1 | R65: 1 | S65: 1 | T65: 2 | U65: 2 | V65: 1 | W65: 1 | X65: 1 | Y65: 1 | Z65: 1 | AA65: 1 | AB65: 1 | AC65: 1 | AD65: 1 | AE65: 1 | AF65: 1 | AG65: 1 | AH65: 1 | AI65: 1 | AJ65: 1 | AK65: 1 | AL65: 1 | AM65: 1 | AN65: 1 | AO65: =SUM(Q65:AN65) -> 26 | AP65: =IF(P65="SUNDAY",0,SUM(X65:AM65)) -> 16 | AQ65: =IF(P65="SUNDAY",SUM(Q65:AN65),SUM(Q65:W65,AN65:AN65)) -> 10
A66: =IF(B65=24,A65+1,A65) -> 45750 | B66: =IF(B65=24,1,B65+1) -> 16 | C66: =IFERROR(MATCH(A67,NERCHolidays!$B$2:$B$121,0),0) -> 0 | D66: =IF(AND(B66>=8,B66<=23),1,0) -> 1 | E66: =IF(OR(WEEKDAY(A66)=1,C66<>0),"OP",IF(D66=0,"OP","PK")) -> PK | F66: =VLOOKUP(A66,$O$3:$AN$34,B66+2,FALSE) -> 5 | G66: =VLOOKUP(A66,$O$107:$AM$138,B66+1,FALSE) -> 0 | H66: =VLOOKUP(A66,$O$142:$AM$173,B66+1,FALSE) -> 0 | I66: =VLOOKUP(A66,$O$40:$AN$70,B66+2,FALSE) -> 1 | J66: =VLOOKUP(A66,$O$73:$AN$104,B66+2,FALSE) -> 0 | K66: =VLOOKUP(A66,$O$175:$AM$206,B66+1,FALSE) -> 5 | L66: ='Aztec Metered Load'!C70 -> 3.954 | O66: =O30 -> 45774 | P66: Sunday | Q66: 1 | R66: 1 | S66: 1 | T66: 2 | U66: 2 | V66: 1 | W66: 1 | X66: 1 | Y66: 1 | Z66: 1 | AA66: 1 | AB66: 1 | AC66: 1 | AD66: 1 | AE66: 1 | AF66: 1 | AG66: 1 | AH66: 1 | AI66: 1 | AJ66: 1 | AK66: 1 | AL66: 1 | AM66: 1 | AN66: 1 | AO66: =SUM(Q66:AN66) -> 26 | AP66: =IF(P66="SUNDAY",0,SUM(X66:AM66)) -> 0 | AQ66: =IF(P66="SUNDAY",SUM(Q66:AN66),SUM(Q66:W66,AN66:AN66)) -> 26
A67: =IF(B66=24,A66+1,A66) -> 45750 | B67: =IF(B66=24,1,B66+1) -> 17 | C67: =IFERROR(MATCH(A68,NERCHolidays!$B$2:$B$121,0),0) -> 0 | D67: =IF(AND(B67>=8,B67<=23),1,0) -> 1 | E67: =IF(OR(WEEKDAY(A67)=1,C67<>0),"OP",IF(D67=0,"OP","PK")) -> PK | F67: =VLOOKUP(A67,$O$3:$AN$34,B67+2,FALSE) -> 5 | G67: =VLOOKUP(A67,$O$107:$AM$138,B67+1,FALSE) -> 0 | H67: =VLOOKUP(A67,$O$142:$AM$173,B67+1,FALSE) -> 0 | I67: =VLOOKUP(A67,$O$40:$AN$70,B67+2,FALSE) -> 1 | J67: =VLOOKUP(A67,$O$73:$AN$104,B67+2,FALSE) -> 0 | K67: =VLOOKUP(A67,$O$175:$AM$206,B67+1,FALSE) -> 5 | L67: ='Aztec Metered Load'!C71 -> 4.05 | O67: =O31 -> 45775 | P67: 2 | Q67: 1 | R67: 1 | S67: 1 | T67: 2 | U67: 2 | V67: 1 | W67: 1 | X67: 1 | Y67: 1 | Z67: 1 | AA67: 1 | AB67: 1 | AC67: 1 | AD67: 1 | AE67: 1 | AF67: 1 | AG67: 1 | AH67: 1 | AI67: 1 | AJ67: 1 | AK67: 1 | AL67: 1 | AM67: 1 | AN67: 1 | AO67: =SUM(Q67:AN67) -> 26 | AP67: =IF(P67="SUNDAY",0,SUM(X67:AM67)) -> 16 | AQ67: =IF(P67="SUNDAY",SUM(Q67:AN67),SUM(Q67:W67,AN67:AN67)) -> 10
A68: =IF(B67=24,A67+1,A67) -> 45750 | B68: =IF(B67=24,1,B67+1) -> 18 | C68: =IFERROR(MATCH(A69,NERCHolidays!$B$2:$B$121,0),0) -> 0 | D68: =IF(AND(B68>=8,B68<=23),1,0) -> 1 | E68: =IF(OR(WEEKDAY(A68)=1,C68<>0),"OP",IF(D68=0,"OP","PK")) -> PK | F68: =VLOOKUP(A68,$O$3:$AN$34,B68+2,FALSE) -> 0 | G68: =VLOOKUP(A68,$O$107:$AM$138,B68+1,FALSE) -> 0 | H68: =VLOOKUP(A68,$O$142:$AM$173,B68+1,FALSE) -> 0 | I68: =VLOOKUP(A68,$O$40:$AN$70,B68+2,FALSE) -> 1 | J68: =VLOOKUP(A68,$O$73:$AN$104,B68+2,FALSE) -> 0 | K68: =VLOOKUP(A68,$O$175:$AM$206,B68+1,FALSE) -> 0 | L68: ='Aztec Metered Load'!C72 -> 4.292 | O68: =O32 -> 45776 | P68: 3 | Q68: 1 | R68: 1 | S68: 1 | T68: 2 | U68: 2 | V68: 1 | W68: 1 | X68: 1 | Y68: 1 | Z68: 1 | AA68: 1 | AB68: 1 | AC68: 1 | AD68: 1 | AE68: 1 | AF68: 1 | AG68: 1 | AH68: 1 | AI68: 1 | AJ68: 1 | AK68: 1 | AL68: 1 | AM68: 1 | AN68: 1 | AO68: =SUM(Q68:AN68) -> 26 | AP68: =IF(P68="SUNDAY",0,SUM(X68:AM68)) -> 16 | AQ68: =IF(P68="SUNDAY",SUM(Q68:AN68),SUM(Q68:W68,AN68:AN68)) -> 10
A69: =IF(B68=24,A68+1,A68) -> 45750 | B69: =IF(B68=24,1,B68+1) -> 19 | C69: =IFERROR(MATCH(A70,NERCHolidays!$B$2:$B$121,0),0) -> 0 | D69: =IF(AND(B69>=8,B69<=23),1,0) -> 1 | E69: =IF(OR(WEEKDAY(A69)=1,C69<>0),"OP",IF(D69=0,"OP","PK")) -> PK | F69: =VLOOKUP(A69,$O$3:$AN$34,B69+2,FALSE) -> 5 | G69: =VLOOKUP(A69,$O$107:$AM$138,B69+1,FALSE) -> 1 | H69: =VLOOKUP(A69,$O$142:$AM$173,B69+1,FALSE) -> 0 | I69: =VLOOKUP(A69,$O$40:$AN$70,B69+2,FALSE) -> 1 | J69: =VLOOKUP(A69,$O$73:$AN$104,B69+2,FALSE) -> 0 | K69: =VLOOKUP(A69,$O$175:$AM$206,B69+1,FALSE) -> 6 | L69: ='Aztec Metered Load'!C73 -> 4.493 | O69: =O33 -> 45777 | P69: 4 | Q69: 1 | R69: 1 | S69: 1 | T69: 2 | U69: 2 | V69: 1 | W69: 1 | X69: 1 | Y69: 1 | Z69: 1 | AA69: 1 | AB69: 1 | AC69: 1 | AD69: 1 | AE69: 1 | AF69: 1 | AG69: 1 | AH69: 1 | AI69: 1 | AJ69: 1 | AK69: 1 | AL69: 1 | AM69: 1 | AN69: 1 | AO69: =SUM(Q69:AN69) -> 26 | AP69: =IF(P69="SUNDAY",0,SUM(X69:AM69)) -> 16 | AQ69: =IF(P69="SUNDAY",SUM(Q69:AN69),SUM(Q69:W69,AN69:AN69)) -> 10
A70: =IF(B69=24,A69+1,A69) -> 45750 | B70: =IF(B69=24,1,B69+1) -> 20 | C70: =IFERROR(MATCH(A71,NERCHolidays!$B$2:$B$121,0),0) -> 0 | D70: =IF(AND(B70>=8,B70<=23),1,0) -> 1 | E70: =IF(OR(WEEKDAY(A70)=1,C70<>0),"OP",IF(D70=0,"OP","PK")) -> PK | F70: =VLOOKUP(A70,$O$3:$AN$34,B70+2,FALSE) -> 5 | G70: =VLOOKUP(A70,$O$107:$AM$138,B70+1,FALSE) -> 1 | H70: =VLOOKUP(A70,$O$142:$AM$173,B70+1,FALSE) -> 0 | I70: =VLOOKUP(A70,$O$40:$AN$70,B70+2,FALSE) -> 1 | J70: =VLOOKUP(A70,$O$73:$AN$104,B70+2,FALSE) -> 0 | K70: =VLOOKUP(A70,$O$175:$AM$206,B70+1,FALSE) -> 6 | L70: ='Aztec Metered Load'!C74 -> 4.783 | AO70: =SUM(Q70:AN70) -> 0 | AP70: =IF(P70="SUNDAY",0,SUM(X70:AM70)) -> 0 | AQ70: =IF(P70="SUNDAY",SUM(Q70:AN70),SUM(Q70:W70,AN70:AN70)) -> 0
A71: =IF(B70=24,A70+1,A70) -> 45750 | B71: =IF(B70=24,1,B70+1) -> 21 | C71: =IFERROR(MATCH(A72,NERCHolidays!$B$2:$B$121,0),0) -> 0 | D71: =IF(AND(B71>=8,B71<=23),1,0) -> 1 | E71: =IF(OR(WEEKDAY(A71)=1,C71<>0),"OP",IF(D71=0,"OP","PK")) -> PK | F71: =VLOOKUP(A71,$O$3:$AN$34,B71+2,FALSE) -> 5 | G71: =VLOOKUP(A71,$O$107:$AM$138,B71+1,FALSE) -> 1 | H71: =VLOOKUP(A71,$O$142:$AM$173,B71+1,FALSE) -> 0 | I71: =VLOOKUP(A71,$O$40:$AN$70,B71+2,FALSE) -> 1 | J71: =VLOOKUP(A71,$O$73:$AN$104,B71+2,FALSE) -> 0 | K71: =VLOOKUP(A71,$O$175:$AM$206,B71+1,FALSE) -> 6 | L71: ='Aztec Metered Load'!C75 -> 4.662 | AO71: =SUM(AO40:AO70) -> 807 | AP71: =SUM(AP40:AP70) -> 416 | AQ71: =SUM(AQ40:AQ70) -> 391
A72: =IF(B71=24,A71+1,A71) -> 45750 | B72: =IF(B71=24,1,B71+1) -> 22 | C72: =IFERROR(MATCH(A73,NERCHolidays!$B$2:$B$121,0),0) -> 0 | D72: =IF(AND(B72>=8,B72<=23),1,0) -> 1 | E72: =IF(OR(WEEKDAY(A72)=1,C72<>0),"OP",IF(D72=0,"OP","PK")) -> PK | F72: =VLOOKUP(A72,$O$3:$AN$34,B72+2,FALSE) -> 5 | G72: =VLOOKUP(A72,$O$107:$AM$138,B72+1,FALSE) -> 1 | H72: =VLOOKUP(A72,$O$142:$AM$173,B72+1,FALSE) -> 0 | I72: =VLOOKUP(A72,$O$40:$AN$70,B72+2,FALSE) -> 1 | J72: =VLOOKUP(A72,$O$73:$AN$104,B72+2,FALSE) -> 0 | K72: =VLOOKUP(A72,$O$175:$AM$206,B72+1,FALSE) -> 6 | L72: ='Aztec Metered Load'!C76 -> 4.345 | O72: WRF-Replacement
A73: =IF(B72=24,A72+1,A72) -> 45750 | B73: =IF(B72=24,1,B72+1) -> 23 | C73: =IFERROR(MATCH(A74,NERCHolidays!$B$2:$B$121,0),0) -> 0 | D73: =IF(AND(B73>=8,B73<=23),1,0) -> 1 | E73: =IF(OR(WEEKDAY(A73)=1,C73<>0),"OP",IF(D73=0,"OP","PK")) -> PK | F73: =VLOOKUP(A73,$O$3:$AN$34,B73+2,FALSE) -> 5 | G73: =VLOOKUP(A73,$O$107:$AM$138,B73+1,FALSE) -> 1 | H73: =VLOOKUP(A73,$O$142:$AM$173,B73+1,FALSE) -> 0 | I73: =VLOOKUP(A73,$O$40:$AN$70,B73+2,FALSE) -> 1 | J73: =VLOOKUP(A73,$O$73:$AN$104,B73+2,FALSE) -> 0 | K73: =VLOOKUP(A73,$O$175:$AM$206,B73+1,FALSE) -> 6 | L73: ='Aztec Metered Load'!C77 -> 4.089 | P73: Day | Q73: HE 1 | R73: HE 2 | S73: HE 3 | T73: HE 4 | U73: HE 5 | V73: HE 6 | W73: HE 7 | X73: HE 8 | Y73: HE 9 | Z73: HE 10 | AA73: HE 11 | AB73: HE 12 | AC73: HE 13 | AD73: HE 14 | AE73: HE 15 | AF73: HE 16 | AG73: HE 17 | AH73: HE 18 | AI73: HE 19 | AJ73: HE 20 | AK73: HE 21 | AL73: HE 22 | AM73: HE 23 | AN73: HE 24 | AO73: TOTALS | AP73: On-Peak | AQ73: Off-Peak
A74: =IF(B73=24,A73+1,A73) -> 45750 | B74: =IF(B73=24,1,B73+1) -> 24 | C74: =IFERROR(MATCH(A75,NERCHolidays!$B$2:$B$121,0),0) -> 0 | D74: =IF(AND(B74>=8,B74<=23),1,0) -> 0 | E74: =IF(OR(WEEKDAY(A74)=1,C74<>0),"OP",IF(D74=0,"OP","PK")) -> OP | F74: =VLOOKUP(A74,$O$3:$AN$34,B74+2,FALSE) -> 5 | G74: =VLOOKUP(A74,$O$107:$AM$138,B74+1,FALSE) -> 0 | H74: =VLOOKUP(A74,$O$142:$AM$173,B74+1,FALSE) -> 0 | I74: =VLOOKUP(A74,$O$40:$AN$70,B74+2,FALSE) -> 1 | J74: =VLOOKUP(A74,$O$73:$AN$104,B74+2,FALSE) -> 0 | K74: =VLOOKUP(A74,$O$175:$AM$206,B74+1,FALSE) -> 5 | L74: ='Aztec Metered Load'!C78 -> 3.907 | O74: =O40 -> 45748 | P74: =P40 -> 3 | Q74: 0 | R74: 0 | S74: 0 | T74: 0 | U74: 0 | V74: 0 | W74: 0 | X74: 0 | Y74: 0 | Z74: 0 | AA74: 0 | AB74: 0 | AC74: 0 | AD74: 0 | AE74: 0 | AF74: 0 | AG74: 0 | AH74: 0 | AI74: 0 | AJ74: 0 | AK74: 0 | AL74: 0 | AM74: 0 | AN74: 0 | AO74: =SUM(Q74:AN74) -> 0 | AP74: =IF(P74="SUNDAY",0,SUM(X74:AM74)) -> 0 | AQ74: =IF(P74="SUNDAY",SUM(Q74:AN74),SUM(Q74:W74,AN74:AN74)) -> 0
A75: =IF(B74=24,A74+1,A74) -> 45751 | B75: =IF(B74=24,1,B74+1) -> 1 | C75: =IFERROR(MATCH(A76,NERCHolidays!$B$2:$B$121,0),0) -> 0 | D75: =IF(AND(B75>=8,B75<=23),1,0) -> 0 | E75: =IF(OR(WEEKDAY(A75)=1,C75<>0),"OP",IF(D75=0,"OP","PK")) -> OP | F75: =VLOOKUP(A75,$O$3:$AN$34,B75+2,FALSE) -> 5 | G75: =VLOOKUP(A75,$O$107:$AM$138,B75+1,FALSE) -> 1 | H75: =VLOOKUP(A75,$O$142:$AM$173,B75+1,FALSE) -> 0 | I75: =VLOOKUP(A75,$O$40:$AN$70,B75+2,FALSE) -> 1 | J75: =VLOOKUP(A75,$O$73:$AN$104,B75+2,FALSE) -> 0 | K75: =VLOOKUP(A75,$O$175:$AM$206,B75+1,FALSE) -> 6 | L75: ='Aztec Metered Load'!C79 -> 3.859 | O75: =O41 -> 45749 | P75: =P41 -> 4 | Q75: 0 | R75: 0 | S75: 0 | T75: 0 | U75: 0 | V75: 0 | W75: 0 | X75: 0 | Y75: 0 | Z75: 0 | AA75: 0 | AB75: 0 | AC75: 0 | AD75: 0 | AE75: 0 | AF75: 0 | AG75: 0 | AH75: 0 | AI75: 0 | AJ75: 0 | AK75: 0 | AL75: 0 | AM75: 0 | AN75: 0 | AO75: =SUM(Q75:AN75) -> 0 | AP75: =IF(P75="SUNDAY",0,SUM(X75:AM75)) -> 0 | AQ75: =IF(P75="SUNDAY",SUM(Q75:AN75),SUM(Q75:W75,AN75:AN75)) -> 0
A76: =IF(B75=24,A75+1,A75) -> 45751 | B76: =IF(B75=24,1,B75+1) -> 2 | C76: =IFERROR(MATCH(A77,NERCHolidays!$B$2:$B$121,0),0) -> 0 | D76: =IF(AND(B76>=8,B76<=23),1,0) -> 0 | E76: =IF(OR(WEEKDAY(A76)=1,C76<>0),"OP",IF(D76=0,"OP","PK")) -> OP | F76: =VLOOKUP(A76,$O$3:$AN$34,B76+2,FALSE) -> 5 | G76: =VLOOKUP(A76,$O$107:$AM$138,B76+1,FALSE) -> 1 | H76: =VLOOKUP(A76,$O$142:$AM$173,B76+1,FALSE) -> 0 | I76: =VLOOKUP(A76,$O$40:$AN$70,B76+2,FALSE) -> 1 | J76: =VLOOKUP(A76,$O$73:$AN$104,B76+2,FALSE) -> 0 | K76: =VLOOKUP(A76,$O$175:$AM$206,B76+1,FALSE) -> 6 | L76: ='Aztec Metered Load'!C80 -> 3.869 | O76: =O42 -> 45750 | P76: =P42 -> 5 | Q76: 0 | R76: 0 | S76: 0 | T76: 0 | U76: 0 | V76: 0 | W76: 0 | X76: 0 | Y76: 0 | Z76: 0 | AA76: 0 | AB76: 0 | AC76: 0 | AD76: 0 | AE76: 0 | AF76: 0 | AG76: 0 | AH76: 0 | AI76: 0 | AJ76: 0 | AK76: 0 | AL76: 0 | AM76: 0 | AN76: 0 | AO76: =SUM(Q76:AN76) -> 0 | AP76: =IF(P76="SUNDAY",0,SUM(X76:AM76)) -> 0 | AQ76: =IF(P76="SUNDAY",SUM(Q76:AN76),SUM(Q76:W76,AN76:AN76)) -> 0
A77: =IF(B76=24,A76+1,A76) -> 45751 | B77: =IF(B76=24,1,B76+1) -> 3 | C77: =IFERROR(MATCH(A78,NERCHolidays!$B$2:$B$121,0),0) -> 0 | D77: =IF(AND(B77>=8,B77<=23),1,0) -> 0 | E77: =IF(OR(WEEKDAY(A77)=1,C77<>0),"OP",IF(D77=0,"OP","PK")) -> OP | F77: =VLOOKUP(A77,$O$3:$AN$34,B77+2,FALSE) -> 5 | G77: =VLOOKUP(A77,$O$107:$AM$138,B77+1,FALSE) -> 1 | H77: =VLOOKUP(A77,$O$142:$AM$173,B77+1,FALSE) -> 0 | I77: =VLOOKUP(A77,$O$40:$AN$70,B77+2,FALSE) -> 2 | J77: =VLOOKUP(A77,$O$73:$AN$104,B77+2,FALSE) -> 0 | K77: =VLOOKUP(A77,$O$175:$AM$206,B77+1,FALSE) -> 6 | L77: ='Aztec Metered Load'!C81 -> 3.93 | O77: =O43 -> 45751 | P77: =P43 -> 6 | Q77: 0 | R77: 0 | S77: 0 | T77: 0 | U77: 0 | V77: 0 | W77: 0 | X77: 0 | Y77: 0 | Z77: 0 | AA77: 0 | AB77: 0 | AC77: 0 | AD77: 0 | AE77: 0 | AF77: 0 | AG77: 0 | AH77: 0 | AI77: 0 | AJ77: 0 | AK77: 0 | AL77: 0 | AM77: 0 | AN77: 0 | AO77: =SUM(Q77:AN77) -> 0 | AP77: =IF(P77="SUNDAY",0,SUM(X77:AM77)) -> 0 | AQ77: =IF(P77="SUNDAY",SUM(Q77:AN77),SUM(Q77:W77,AN77:AN77)) -> 0
A78: =IF(B77=24,A77+1,A77) -> 45751 | B78: =IF(B77=24,1,B77+1) -> 4 | C78: =IFERROR(MATCH(A79,NERCHolidays!$B$2:$B$121,0),0) -> 0 | D78: =IF(AND(B78>=8,B78<=23),1,0) -> 0 | E78: =IF(OR(WEEKDAY(A78)=1,C78<>0),"OP",IF(D78=0,"OP","PK")) -> OP | F78: =VLOOKUP(A78,$O$3:$AN$34,B78+2,FALSE) -> 5 | G78: =VLOOKUP(A78,$O$107:$AM$138,B78+1,FALSE) -> 1 | H78: =VLOOKUP(A78,$O$142:$AM$173,B78+1,FALSE) -> 0 | I78: =VLOOKUP(A78,$O$40:$AN$70,B78+2,FALSE) -> 2 | J78: =VLOOKUP(A78,$O$73:$AN$104,B78+2,FALSE) -> 0 | K78: =VLOOKUP(A78,$O$175:$AM$206,B78+1,FALSE) -> 6 | L78: ='Aztec Metered Load'!C82 -> 4.142 | O78: =O44 -> 45752 | P78: =P44 -> 7 | Q78: 0 | R78: 0 | S78: 0 | T78: 0 | U78: 0 | V78: 0 | W78: 0 | X78: 0 | Y78: 0 | Z78: 0 | AA78: 0 | AB78: 0 | AC78: 0 | AD78: 0 | AE78: 0 | AF78: 0 | AG78: 0 | AH78: 0 | AI78: 0 | AJ78: 0 | AK78: 0 | AL78: 0 | AM78: 0 | AN78: 0 | AO78: =SUM(Q78:AN78) -> 0 | AP78: =IF(P78="SUNDAY",0,SUM(X78:AM78)) -> 0 | AQ78: =IF(P78="SUNDAY",SUM(Q78:AN78),SUM(Q78:W78,AN78:AN78)) -> 0
A79: =IF(B78=24,A78+1,A78) -> 45751 | B79: =IF(B78=24,1,B78+1) -> 5 | C79: =IFERROR(MATCH(A80,NERCHolidays!$B$2:$B$121,0),0) -> 0 | D79: =IF(AND(B79>=8,B79<=23),1,0) -> 0 | E79: =IF(OR(WEEKDAY(A79)=1,C79<>0),"OP",IF(D79=0,"OP","PK")) -> OP | F79: =VLOOKUP(A79,$O$3:$AN$34,B79+2,FALSE) -> 0 | G79: =VLOOKUP(A79,$O$107:$AM$138,B79+1,FALSE) -> 1 | H79: =VLOOKUP(A79,$O$142:$AM$173,B79+1,FALSE) -> 0 | I79: =VLOOKUP(A79,$O$40:$AN$70,B79+2,FALSE) -> 2 | J79: =VLOOKUP(A79,$O$73:$AN$104,B79+2,FALSE) -> 0 | K79: =VLOOKUP(A79,$O$175:$AM$206,B79+1,FALSE) -> 1 | L79: ='Aztec Metered Load'!C83 -> 4.484 | O79: =O45 -> 45753 | P79: =P45 -> Sunday | Q79: 0 | R79: 0 | S79: 0 | T79: 0 | U79: 0 | V79: 0 | W79: 0 | X79: 0 | Y79: 0 | Z79: 0 | AA79: 0 | AB79: 0 | AC79: 0 | AD79: 0 | AE79: 0 | AF79: 0 | AG79: 0 | AH79: 0 | AI79: 0 | AJ79: 0 | AK79: 0 | AL79: 0 | AM79: 0 | AN79: 0 | AO79: =SUM(Q79:AN79) -> 0 | AP79: =IF(P79="SUNDAY",0,SUM(X79:AM79)) -> 0 | AQ79: =IF(P79="SUNDAY",SUM(Q79:AN79),SUM(Q79:W79,AN79:AN79)) -> 0
A80: =IF(B79=24,A79+1,A79) -> 45751 | B80: =IF(B79=24,1,B79+1) -> 6 | C80: =IFERROR(MATCH(A81,NERCHolidays!$B$2:$B$121,0),0) -> 0 | D80: =IF(AND(B80>=8,B80<=23),1,0) -> 0 | E80: =IF(OR(WEEKDAY(A80)=1,C80<>0),"OP",IF(D80=0,"OP","PK")) -> OP | F80: =VLOOKUP(A80,$O$3:$AN$34,B80+2,FALSE) -> 0 | G80: =VLOOKUP(A80,$O$107:$AM$138,B80+1,FALSE) -> 1 | H80: =VLOOKUP(A80,$O$142:$AM$173,B80+1,FALSE) -> 0 | I80: =VLOOKUP(A80,$O$40:$AN$70,B80+2,FALSE) -> 2 | J80: =VLOOKUP(A80,$O$73:$AN$104,B80+2,FALSE) -> 0 | K80: =VLOOKUP(A80,$O$175:$AM$206,B80+1,FALSE) -> 1 | L80: ='Aztec Metered Load'!C84 -> 5.157 | O80: =O46 -> 45754 | P80: =P46 -> 2 | Q80: 0 | R80: 0 | S80: 0 | T80: 0 | U80: 0 | V80: 0 | W80: 0 | X80: 0 | Y80: 0 | Z80: 0 | AA80: 0 | AB80: 0 | AC80: 0 | AD80: 0 | AE80: 0 | AF80: 0 | AG80: 0 | AH80: 0 | AI80: 0 | AJ80: 0 | AK80: 0 | AL80: 0 | AM80: 0 | AN80: 0 | AO80: =SUM(Q80:AN80) -> 0 | AP80: =IF(P80="SUNDAY",0,SUM(X80:AM80)) -> 0 | AQ80: =IF(P80="SUNDAY",SUM(Q80:AN80),SUM(Q80:W80,AN80:AN80)) -> 0
A81: =IF(B80=24,A80+1,A80) -> 45751 | B81: =IF(B80=24,1,B80+1) -> 7 | C81: =IFERROR(MATCH(A82,NERCHolidays!$B$2:$B$121,0),0) -> 0 | D81: =IF(AND(B81>=8,B81<=23),1,0) -> 0 | E81: =IF(OR(WEEKDAY(A81)=1,C81<>0),"OP",IF(D81=0,"OP","PK")) -> OP | F81: =VLOOKUP(A81,$O$3:$AN$34,B81+2,FALSE) -> 5 | G81: =VLOOKUP(A81,$O$107:$AM$138,B81+1,FALSE) -> 1 | H81: =VLOOKUP(A81,$O$142:$AM$173,B81+1,FALSE) -> 0 | I81: =VLOOKUP(A81,$O$40:$AN$70,B81+2,FALSE) -> 1 | J81: =VLOOKUP(A81,$O$73:$AN$104,B81+2,FALSE) -> 0 | K81: =VLOOKUP(A81,$O$175:$AM$206,B81+1,FALSE) -> 6 | L81: ='Aztec Metered Load'!C85 -> 5.118 | O81: =O47 -> 45755 | P81: =P47 -> 3 | Q81: 0 | R81: 0 | S81: 0 | T81: 0 | U81: 0 | V81: 0 | W81: 0 | X81: 0 | Y81: 0 | Z81: 0 | AA81: 0 | AB81: 0 | AC81: 0 | AD81: 0 | AE81: 0 | AF81: 0 | AG81: 0 | AH81: 0 | AI81: 0 | AJ81: 0 | AK81: 0 | AL81: 0 | AM81: 0 | AN81: 0 | AO81: =SUM(Q81:AN81) -> 0 | AP81: =IF(P81="SUNDAY",0,SUM(X81:AM81)) -> 0 | AQ81: =IF(P81="SUNDAY",SUM(Q81:AN81),SUM(Q81:W81,AN81:AN81)) -> 0
A82: =IF(B81=24,A81+1,A81) -> 45751 | B82: =IF(B81=24,1,B81+1) -> 8 | C82: =IFERROR(MATCH(A83,NERCHolidays!$B$2:$B$121,0),0) -> 0 | D82: =IF(AND(B82>=8,B82<=23),1,0) -> 1 | E82: =IF(OR(WEEKDAY(A82)=1,C82<>0),"OP",IF(D82=0,"OP","PK")) -> PK | F82: =VLOOKUP(A82,$O$3:$AN$34,B82+2,FALSE) -> 5 | G82: =VLOOKUP(A82,$O$107:$AM$138,B82+1,FALSE) -> 1 | H82: =VLOOKUP(A82,$O$142:$AM$173,B82+1,FALSE) -> 0 | I82: =VLOOKUP(A82,$O$40:$AN$70,B82+2,FALSE) -> 1 | J82: =VLOOKUP(A82,$O$73:$AN$104,B82+2,FALSE) -> 0 | K82: =VLOOKUP(A82,$O$175:$AM$206,B82+1,FALSE) -> 6 | L82: ='Aztec Metered Load'!C86 -> 4.941 | O82: =O48 -> 45756 | P82: =P48 -> 4 | Q82: 0 | R82: 0 | S82: 0 | T82: 0 | U82: 0 | V82: 0 | W82: 0 | X82: 0 | Y82: 0 | Z82: 0 | AA82: 0 | AB82: 0 | AC82: 0 | AD82: 0 | AE82: 0 | AF82: 0 | AG82: 0 | AH82: 0 | AI82: 0 | AJ82: 0 | AK82: 0 | AL82: 0 | AM82: 0 | AN82: 0 | AO82: =SUM(Q82:AN82) -> 0 | AP82: =IF(P82="SUNDAY",0,SUM(X82:AM82)) -> 0 | AQ82: =IF(P82="SUNDAY",SUM(Q82:AN82),SUM(Q82:W82,AN82:AN82)) -> 0
A83: =IF(B82=24,A82+1,A82) -> 45751 | B83: =IF(B82=24,1,B82+1) -> 9 | C83: =IFERROR(MATCH(A84,NERCHolidays!$B$2:$B$121,0),0) -> 0 | D83: =IF(AND(B83>=8,B83<=23),1,0) -> 1 | E83: =IF(OR(WEEKDAY(A83)=1,C83<>0),"OP",IF(D83=0,"OP","PK")) -> PK | F83: =VLOOKUP(A83,$O$3:$AN$34,B83+2,FALSE) -> 5 | G83: =VLOOKUP(A83,$O$107:$AM$138,B83+1,FALSE) -> 1 | H83: =VLOOKUP(A83,$O$142:$AM$173,B83+1,FALSE) -> 0 | I83: =VLOOKUP(A83,$O$40:$AN$70,B83+2,FALSE) -> 1 | J83: =VLOOKUP(A83,$O$73:$AN$104,B83+2,FALSE) -> 0 | K83: =VLOOKUP(A83,$O$175:$AM$206,B83+1,FALSE) -> 6 | L83: ='Aztec Metered Load'!C87 -> 4.77 | O83: =O49 -> 45757 | P83: =P49 -> 5 | Q83: 0 | R83: 0 | S83: 0 | T83: 0 | U83: 0 | V83: 0 | W83: 0 | X83: 0 | Y83: 0 | Z83: 0 | AA83: 0 | AB83: 0 | AC83: 0 | AD83: 0 | AE83: 0 | AF83: 0 | AG83: 0 | AH83: 0 | AI83: 0 | AJ83: 0 | AK83: 0 | AL83: 0 | AM83: 0 | AN83: 0 | AO83: =SUM(Q83:AN83) -> 0 | AP83: =IF(P83="SUNDAY",0,SUM(X83:AM83)) -> 0 | AQ83: =IF(P83="SUNDAY",SUM(Q83:AN83),SUM(Q83:W83,AN83:AN83)) -> 0
A84: =IF(B83=24,A83+1,A83) -> 45751 | B84: =IF(B83=24,1,B83+1) -> 10 | C84: =IFERROR(MATCH(A85,NERCHolidays!$B$2:$B$121,0),0) -> 0 | D84: =IF(AND(B84>=8,B84<=23),1,0) -> 1 | E84: =IF(OR(WEEKDAY(A84)=1,C84<>0),"OP",IF(D84=0,"OP","PK")) -> PK | F84: =VLOOKUP(A84,$O$3:$AN$34,B84+2,FALSE) -> 5 | G84: =VLOOKUP(A84,$O$107:$AM$138,B84+1,FALSE) -> 0 | H84: =VLOOKUP(A84,$O$142:$AM$173,B84+1,FALSE) -> 0 | I84: =VLOOKUP(A84,$O$40:$AN$70,B84+2,FALSE) -> 1 | J84: =VLOOKUP(A84,$O$73:$AN$104,B84+2,FALSE) -> 0 | K84: =VLOOKUP(A84,$O$175:$AM$206,B84+1,FALSE) -> 5 | L84: ='Aztec Metered Load'!C88 -> 4.414 | O84: =O50 -> 45758 | P84: =P50 -> 6 | Q84: 0 | R84: 0 | S84: 0 | T84: 0 | U84: 0 | V84: 0 | W84: 0 | X84: 0 | Y84: 0 | Z84: 0 | AA84: 0 | AB84: 0 | AC84: 0 | AD84: 0 | AE84: 0 | AF84: 0 | AG84: 0 | AH84: 0 | AI84: 0 | AJ84: 0 | AK84: 0 | AL84: 0 | AM84: 0 | AN84: 0 | AO84: =SUM(Q84:AN84) -> 0 | AP84: =IF(P84="SUNDAY",0,SUM(X84:AM84)) -> 0 | AQ84: =IF(P84="SUNDAY",SUM(Q84:AN84),SUM(Q84:W84,AN84:AN84)) -> 0
A85: =IF(B84=24,A84+1,A84) -> 45751 | B85: =IF(B84=24,1,B84+1) -> 11 | C85: =IFERROR(MATCH(A86,NERCHolidays!$B$2:$B$121,0),0) -> 0 | D85: =IF(AND(B85>=8,B85<=23),1,0) -> 1 | E85: =IF(OR(WEEKDAY(A85)=1,C85<>0),"OP",IF(D85=0,"OP","PK")) -> PK | F85: =VLOOKUP(A85,$O$3:$AN$34,B85+2,FALSE) -> 5 | G85: =VLOOKUP(A85,$O$107:$AM$138,B85+1,FALSE) -> 0 | H85: =VLOOKUP(A85,$O$142:$AM$173,B85+1,FALSE) -> 0 | I85: =VLOOKUP(A85,$O$40:$AN$70,B85+2,FALSE) -> 1 | J85: =VLOOKUP(A85,$O$73:$AN$104,B85+2,FALSE) -> 0 | K85: =VLOOKUP(A85,$O$175:$AM$206,B85+1,FALSE) -> 5 | L85: ='Aztec Metered Load'!C89 -> 3.949 | O85: =O51 -> 45759 | P85: =P51 -> 7 | Q85: 0 | R85: 0 | S85: 0 | T85: 0 | U85: 0 | V85: 0 | W85: 0 | X85: 0 | Y85: 0 | Z85: 0 | AA85: 0 | AB85: 0 | AC85: 0 | AD85: 0 | AE85: 0 | AF85: 0 | AG85: 0 | AH85: 0 | AI85: 0 | AJ85: 0 | AK85: 0 | AL85: 0 | AM85: 0 | AN85: 0 | AO85: =SUM(Q85:AN85) -> 0 | AP85: =IF(P85="SUNDAY",0,SUM(X85:AM85)) -> 0 | AQ85: =IF(P85="SUNDAY",SUM(Q85:AN85),SUM(Q85:W85,AN85:AN85)) -> 0
... A103: =IF(B102=24,A102+1,A102) -> 45752 | B103: =IF(B102=24,1,B102+1) -> 5 | C103: =IFERROR(MATCH(A104,NERCHolidays!$B$2:$B$121,0),0) -> 0 | D103: =IF(AND(B103>=8,B103<=23),1,0) -> 0 | E103: =IF(OR(WEEKDAY(A103)=1,C103<>0),"OP",IF(D103=0,"OP","PK")) -> OP | F103: =VLOOKUP(A103,$O$3:$AN$34,B103+2,FALSE) -> 5 | G103: =VLOOKUP(A103,$O$107:$AM$138,B103+1,FALSE) -> 1 | H103: =VLOOKUP(A103,$O$142:$AM$173,B103+1,FALSE) -> 0 | I103: =VLOOKUP(A103,$O$40:$AN$70,B103+2,FALSE) -> 2 | J103: =VLOOKUP(A103,$O$73:$AN$104,B103+2,FALSE) -> 0 | K103: =VLOOKUP(A103,$O$175:$AM$206,B103+1,FALSE) -> 6 | L103: ='Aztec Metered Load'!C107 -> 3.999 | O103: =O69 -> 45777 | P103: =P69 -> 4 | Q103: 0 | R103: 0 | S103: 0 | T103: 0 | U103: 0 | V103: 0 | W103: 0 | X103: 0 | Y103: 0 | Z103: 0 | AA103: 0 | AB103: 0 | AC103: 0 | AD103: 0 | AE103: 0 | AF103: 0 | AG103: 0 | AH103: 0 | AI103: 0 | AJ103: 0 | AK103: 0 | AL103: 0 | AM103: 0 | AN103: 0 | AO103: =SUM(Q103:AN103) -> 0 | AP103: =IF(P103="SUNDAY",0,SUM(X103:AM103)) -> 0 | AQ103: =IF(P103="SUNDAY",SUM(Q103:AN103),SUM(Q103:W103,AN103:AN103)) -> 0
A104: =IF(B103=24,A103+1,A103) -> 45752 | B104: =IF(B103=24,1,B103+1) -> 6 | C104: =IFERROR(MATCH(A105,NERCHolidays!$B$2:$B$121,0),0) -> 0 | D104: =IF(AND(B104>=8,B104<=23),1,0) -> 0 | E104: =IF(OR(WEEKDAY(A104)=1,C104<>0),"OP",IF(D104=0,"OP","PK")) -> OP | F104: =VLOOKUP(A104,$O$3:$AN$34,B104+2,FALSE) -> 5 | G104: =VLOOKUP(A104,$O$107:$AM$138,B104+1,FALSE) -> 1 | H104: =VLOOKUP(A104,$O$142:$AM$173,B104+1,FALSE) -> 0 | I104: =VLOOKUP(A104,$O$40:$AN$70,B104+2,FALSE) -> 2 | J104: =VLOOKUP(A104,$O$73:$AN$104,B104+2,FALSE) -> 0 | K104: =VLOOKUP(A104,$O$175:$AM$206,B104+1,FALSE) -> 6 | L104: ='Aztec Metered Load'!C108 -> 4.428 | AO104: =SUM(Q104:AN104) -> 0 | AP104: =IF(P104="SUNDAY",0,SUM(X104:AM104)) -> 0 | AQ104: =IF(P104="SUNDAY",SUM(Q104:AN104),SUM(Q104:W104,AN104:AN104)) -> 0
A105: =IF(B104=24,A104+1,A104) -> 45752 | B105: =IF(B104=24,1,B104+1) -> 7 | C105: =IFERROR(MATCH(A106,NERCHolidays!$B$2:$B$121,0),0) -> 0 | D105: =IF(AND(B105>=8,B105<=23),1,0) -> 0 | E105: =IF(OR(WEEKDAY(A105)=1,C105<>0),"OP",IF(D105=0,"OP","PK")) -> OP | F105: =VLOOKUP(A105,$O$3:$AN$34,B105+2,FALSE) -> 5 | G105: =VLOOKUP(A105,$O$107:$AM$138,B105+1,FALSE) -> 1 | H105: =VLOOKUP(A105,$O$142:$AM$173,B105+1,FALSE) -> 0 | I105: =VLOOKUP(A105,$O$40:$AN$70,B105+2,FALSE) -> 1 | J105: =VLOOKUP(A105,$O$73:$AN$104,B105+2,FALSE) -> 0 | K105: =VLOOKUP(A105,$O$175:$AM$206,B105+1,FALSE) -> 6 | L105: ='Aztec Metered Load'!C109 -> 4.495 | AO105: =SUM(AO74:AO104) -> 0 | AP105: =SUM(AP74:AP104) -> 0 | AQ105: =SUM(AQ74:AQ104) -> 0
A106: =IF(B105=24,A105+1,A105) -> 45752 | B106: =IF(B105=24,1,B105+1) -> 8 | C106: =IFERROR(MATCH(A107,NERCHolidays!$B$2:$B$121,0),0) -> 0 | D106: =IF(AND(B106>=8,B106<=23),1,0) -> 1 | E106: =IF(OR(WEEKDAY(A106)=1,C106<>0),"OP",IF(D106=0,"OP","PK")) -> PK | F106: =VLOOKUP(A106,$O$3:$AN$34,B106+2,FALSE) -> 5 | G106: =VLOOKUP(A106,$O$107:$AM$138,B106+1,FALSE) -> 1 | H106: =VLOOKUP(A106,$O$142:$AM$173,B106+1,FALSE) -> 0 | I106: =VLOOKUP(A106,$O$40:$AN$70,B106+2,FALSE) -> 1 | J106: =VLOOKUP(A106,$O$73:$AN$104,B106+2,FALSE) -> 0 | K106: =VLOOKUP(A106,$O$175:$AM$206,B106+1,FALSE) -> 6 | L106: ='Aztec Metered Load'!C110 -> 4.686 | O106: DSA (AHP)
A107: =IF(B106=24,A106+1,A106) -> 45752 | B107: =IF(B106=24,1,B106+1) -> 9 | C107: =IFERROR(MATCH(A108,NERCHolidays!$B$2:$B$121,0),0) -> 0 | D107: =IF(AND(B107>=8,B107<=23),1,0) -> 1 | E107: =IF(OR(WEEKDAY(A107)=1,C107<>0),"OP",IF(D107=0,"OP","PK")) -> PK | F107: =VLOOKUP(A107,$O$3:$AN$34,B107+2,FALSE) -> 5 | G107: =VLOOKUP(A107,$O$107:$AM$138,B107+1,FALSE) -> 1 | H107: =VLOOKUP(A107,$O$142:$AM$173,B107+1,FALSE) -> 0 | I107: =VLOOKUP(A107,$O$40:$AN$70,B107+2,FALSE) -> 1 | J107: =VLOOKUP(A107,$O$73:$AN$104,B107+2,FALSE) -> 0 | K107: =VLOOKUP(A107,$O$175:$AM$206,B107+1,FALSE) -> 6 | L107: ='Aztec Metered Load'!C111 -> 4.683 | P107: HE 1 | Q107: HE 2 | R107: HE 3 | S107: HE 4 | T107: HE 5 | U107: HE 6 | V107: HE 7 | W107: HE 8 | X107: HE 9 | Y107: HE 10 | Z107: HE 11 | AA107: HE 12 | AB107: HE 13 | AC107: HE 14 | AD107: HE 15 | AE107: HE 16 | AF107: HE 17 | AG107: HE 18 | AH107: HE 19 | AI107: HE 20 | AJ107: HE 21 | AK107: HE 22 | AL107: HE 23 | AM107: HE 24 | AN107: TOTALS
A108: =IF(B107=24,A107+1,A107) -> 45752 | B108: =IF(B107=24,1,B107+1) -> 10 | C108: =IFERROR(MATCH(A109,NERCHolidays!$B$2:$B$121,0),0) -> 0 | D108: =IF(AND(B108>=8,B108<=23),1,0) -> 1 | E108: =IF(OR(WEEKDAY(A108)=1,C108<>0),"OP",IF(D108=0,"OP","PK")) -> PK | F108: =VLOOKUP(A108,$O$3:$AN$34,B108+2,FALSE) -> 5 | G108: =VLOOKUP(A108,$O$107:$AM$138,B108+1,FALSE) -> 0 | H108: =VLOOKUP(A108,$O$142:$AM$173,B108+1,FALSE) -> 0 | I108: =VLOOKUP(A108,$O$40:$AN$70,B108+2,FALSE) -> 1 | J108: =VLOOKUP(A108,$O$73:$AN$104,B108+2,FALSE) -> 0 | K108: =VLOOKUP(A108,$O$175:$AM$206,B108+1,FALSE) -> 5 | L108: ='Aztec Metered Load'!C112 -> 4.823 | O108: =O4 -> 45748 | P108: 1 | Q108: 1 | R108: 1 | S108: 1 | T108: 1 | U108: 1 | V108: 1 | W108: 1 | X108: 1 | Y108: 0 | Z108: 0 | AA108: 0 | AB108: 0 | AC108: 0 | AD108: 0 | AE108: 0 | AF108: 0 | AG108: 0 | AH108: 1 | AI108: 1 | AJ108: 1 | AK108: 1 | AL108: 1 | AM108: 0 | AN108: =SUM(P108:AM108) -> 14
A109: =IF(B108=24,A108+1,A108) -> 45752 | B109: =IF(B108=24,1,B108+1) -> 11 | C109: =IFERROR(MATCH(A110,NERCHolidays!$B$2:$B$121,0),0) -> 0 | D109: =IF(AND(B109>=8,B109<=23),1,0) -> 1 | E109: =IF(OR(WEEKDAY(A109)=1,C109<>0),"OP",IF(D109=0,"OP","PK")) -> PK | F109: =VLOOKUP(A109,$O$3:$AN$34,B109+2,FALSE) -> 5 | G109: =VLOOKUP(A109,$O$107:$AM$138,B109+1,FALSE) -> 0 | H109: =VLOOKUP(A109,$O$142:$AM$173,B109+1,FALSE) -> 0 | I109: =VLOOKUP(A109,$O$40:$AN$70,B109+2,FALSE) -> 1 | J109: =VLOOKUP(A109,$O$73:$AN$104,B109+2,FALSE) -> 0 | K109: =VLOOKUP(A109,$O$175:$AM$206,B109+1,FALSE) -> 5 | L109: ='Aztec Metered Load'!C113 -> 4.789 | O109: =O5 -> 45749 | P109: 1 | Q109: 1 | R109: 1 | S109: 1 | T109: 1 | U109: 1 | V109: 1 | W109: 1 | X109: 1 | Y109: 0 | Z109: 0 | AA109: 0 | AB109: 0 | AC109: 0 | AD109: 0 | AE109: 0 | AF109: 0 | AG109: 0 | AH109: 1 | AI109: 1 | AJ109: 1 | AK109: 1 | AL109: 1 | AM109: 0 | AN109: =SUM(P109:AM109) -> 14
A110: =IF(B109=24,A109+1,A109) -> 45752 | B110: =IF(B109=24,1,B109+1) -> 12 | C110: =IFERROR(MATCH(A111,NERCHolidays!$B$2:$B$121,0),0) -> 0 | D110: =IF(AND(B110>=8,B110<=23),1,0) -> 1 | E110: =IF(OR(WEEKDAY(A110)=1,C110<>0),"OP",IF(D110=0,"OP","PK")) -> PK | F110: =VLOOKUP(A110,$O$3:$AN$34,B110+2,FALSE) -> 5 | G110: =VLOOKUP(A110,$O$107:$AM$138,B110+1,FALSE) -> 0 | H110: =VLOOKUP(A110,$O$142:$AM$173,B110+1,FALSE) -> 0 | I110: =VLOOKUP(A110,$O$40:$AN$70,B110+2,FALSE) -> 1 | J110: =VLOOKUP(A110,$O$73:$AN$104,B110+2,FALSE) -> 0 | K110: =VLOOKUP(A110,$O$175:$AM$206,B110+1,FALSE) -> 5 | L110: ='Aztec Metered Load'!C114 -> 4.521 | O110: =O6 -> 45750 | P110: 1 | Q110: 1 | R110: 1 | S110: 1 | T110: 1 | U110: 1 | V110: 1 | W110: 1 | X110: 1 | Y110: 0 | Z110: 0 | AA110: 0 | AB110: 0 | AC110: 0 | AD110: 0 | AE110: 0 | AF110: 0 | AG110: 0 | AH110: 1 | AI110: 1 | AJ110: 1 | AK110: 1 | AL110: 1 | AM110: 0 | AN110: =SUM(P110:AM110) -> 14
A111: =IF(B110=24,A110+1,A110) -> 45752 | B111: =IF(B110=24,1,B110+1) -> 13 | C111: =IFERROR(MATCH(A112,NERCHolidays!$B$2:$B$121,0),0) -> 0 | D111: =IF(AND(B111>=8,B111<=23),1,0) -> 1 | E111: =IF(OR(WEEKDAY(A111)=1,C111<>0),"OP",IF(D111=0,"OP","PK")) -> PK | F111: =VLOOKUP(A111,$O$3:$AN$34,B111+2,FALSE) -> 5 | G111: =VLOOKUP(A111,$O$107:$AM$138,B111+1,FALSE) -> 0 | H111: =VLOOKUP(A111,$O$142:$AM$173,B111+1,FALSE) -> 0 | I111: =VLOOKUP(A111,$O$40:$AN$70,B111+2,FALSE) -> 1 | J111: =VLOOKUP(A111,$O$73:$AN$104,B111+2,FALSE) -> 0 | K111: =VLOOKUP(A111,$O$175:$AM$206,B111+1,FALSE) -> 5 | L111: ='Aztec Metered Load'!C115 -> 3.995 | O111: =O7 -> 45751 | P111: 1 | Q111: 1 | R111: 1 | S111: 1 | T111: 1 | U111: 1 | V111: 1 | W111: 1 | X111: 1 | Y111: 0 | Z111: 0 | AA111: 0 | AB111: 0 | AC111: 0 | AD111: 0 | AE111: 0 | AF111: 0 | AG111: 0 | AH111: 1 | AI111: 1 | AJ111: 1 | AK111: 1 | AL111: 1 | AM111: 0 | AN111: =SUM(P111:AM111) -> 14
A112: =IF(B111=24,A111+1,A111) -> 45752 | B112: =IF(B111=24,1,B111+1) -> 14 | C112: =IFERROR(MATCH(A113,NERCHolidays!$B$2:$B$121,0),0) -> 0 | D112: =IF(AND(B112>=8,B112<=23),1,0) -> 1 | E112: =IF(OR(WEEKDAY(A112)=1,C112<>0),"OP",IF(D112=0,"OP","PK")) -> PK | F112: =VLOOKUP(A112,$O$3:$AN$34,B112+2,FALSE) -> 5 | G112: =VLOOKUP(A112,$O$107:$AM$138,B112+1,FALSE) -> 0 | H112: =VLOOKUP(A112,$O$142:$AM$173,B112+1,FALSE) -> 0 | I112: =VLOOKUP(A112,$O$40:$AN$70,B112+2,FALSE) -> 1 | J112: =VLOOKUP(A112,$O$73:$AN$104,B112+2,FALSE) -> 0 | K112: =VLOOKUP(A112,$O$175:$AM$206,B112+1,FALSE) -> 5 | L112: ='Aztec Metered Load'!C116 -> 3.696 | O112: =O8 -> 45752 | P112: 1 | Q112: 1 | R112: 1 | S112: 1 | T112: 1 | U112: 1 | V112: 1 | W112: 1 | X112: 1 | Y112: 0 | Z112: 0 | AA112: 0 | AB112: 0 | AC112: 0 | AD112: 0 | AE112: 0 | AF112: 0 | AG112: 0 | AH112: 1 | AI112: 1 | AJ112: 1 | AK112: 1 | AL112: 1 | AM112: 0 | AN112: =SUM(P112:AM112) -> 14
A113: =IF(B112=24,A112+1,A112) -> 45752 | B113: =IF(B112=24,1,B112+1) -> 15 | C113: =IFERROR(MATCH(A114,NERCHolidays!$B$2:$B$121,0),0) -> 0 | D113: =IF(AND(B113>=8,B113<=23),1,0) -> 1 | E113: =IF(OR(WEEKDAY(A113)=1,C113<>0),"OP",IF(D113=0,"OP","PK")) -> PK | F113: =VLOOKUP(A113,$O$3:$AN$34,B113+2,FALSE) -> 5 | G113: =VLOOKUP(A113,$O$107:$AM$138,B113+1,FALSE) -> 0 | H113: =VLOOKUP(A113,$O$142:$AM$173,B113+1,FALSE) -> 0 | I113: =VLOOKUP(A113,$O$40:$AN$70,B113+2,FALSE) -> 1 | J113: =VLOOKUP(A113,$O$73:$AN$104,B113+2,FALSE) -> 0 | K113: =VLOOKUP(A113,$O$175:$AM$206,B113+1,FALSE) -> 5 | L113: ='Aztec Metered Load'!C117 -> 3.445 | O113: =O9 -> 45753 | P113: 1 | Q113: 1 | R113: 1 | S113: 1 | T113: 1 | U113: 1 | V113: 1 | W113: 1 | X113: 1 | Y113: 0 | Z113: 0 | AA113: 0 | AB113: 0 | AC113: 0 | AD113: 0 | AE113: 0 | AF113: 0 | AG113: 0 | AH113: 1 | AI113: 1 | AJ113: 1 | AK113: 1 | AL113: 1 | AM113: 0 | AN113: =SUM(P113:AM113) -> 14
A114: =IF(B113=24,A113+1,A113) -> 45752 | B114: =IF(B113=24,1,B113+1) -> 16 | C114: =IFERROR(MATCH(A115,NERCHolidays!$B$2:$B$121,0),0) -> 0 | D114: =IF(AND(B114>=8,B114<=23),1,0) -> 1 | E114: =IF(OR(WEEKDAY(A114)=1,C114<>0),"OP",IF(D114=0,"OP","PK")) -> PK | F114: =VLOOKUP(A114,$O$3:$AN$34,B114+2,FALSE) -> 5 | G114: =VLOOKUP(A114,$O$107:$AM$138,B114+1,FALSE) -> 0 | H114: =VLOOKUP(A114,$O$142:$AM$173,B114+1,FALSE) -> 0 | I114: =VLOOKUP(A114,$O$40:$AN$70,B114+2,FALSE) -> 1 | J114: =VLOOKUP(A114,$O$73:$AN$104,B114+2,FALSE) -> 0 | K114: =VLOOKUP(A114,$O$175:$AM$206,B114+1,FALSE) -> 5 | L114: ='Aztec Metered Load'!C118 -> 3.486 | O114: =O10 -> 45754 | P114: 1 | Q114: 1 | R114: 1 | S114: 1 | T114: 1 | U114: 1 | V114: 1 | W114: 1 | X114: 1 | Y114: 0 | Z114: 0 | AA114: 0 | AB114: 0 | AC114: 0 | AD114: 0 | AE114: 0 | AF114: 0 | AG114: 0 | AH114: 1 | AI114: 1 | AJ114: 1 | AK114: 1 | AL114: 1 | AM114: 0 | AN114: =SUM(P114:AM114) -> 14
A115: =IF(B114=24,A114+1,A114) -> 45752 | B115: =IF(B114=24,1,B114+1) -> 17 | C115: =IFERROR(MATCH(A116,NERCHolidays!$B$2:$B$121,0),0) -> 0 | D115: =IF(AND(B115>=8,B115<=23),1,0) -> 1 | E115: =IF(OR(WEEKDAY(A115)=1,C115<>0),"OP",IF(D115=0,"OP","PK")) -> PK | F115: =VLOOKUP(A115,$O$3:$AN$34,B115+2,FALSE) -> 5 | G115: =VLOOKUP(A115,$O$107:$AM$138,B115+1,FALSE) -> 0 | H115: =VLOOKUP(A115,$O$142:$AM$173,B115+1,FALSE) -> 0 | I115: =VLOOKUP(A115,$O$40:$AN$70,B115+2,FALSE) -> 1 | J115: =VLOOKUP(A115,$O$73:$AN$104,B115+2,FALSE) -> 0 | K115: =VLOOKUP(A115,$O$175:$AM$206,B115+1,FALSE) -> 5 | L115: ='Aztec Metered Load'!C119 -> 3.639 | O115: =O11 -> 45755 | P115: 1 | Q115: 1 | R115: 1 | S115: 1 | T115: 1 | U115: 1 | V115: 1 | W115: 1 | X115: 1 | Y115: 0 | Z115: 0 | AA115: 0 | AB115: 0 | AC115: 0 | AD115: 0 | AE115: 0 | AF115: 0 | AG115: 0 | AH115: 1 | AI115: 1 | AJ115: 1 | AK115: 1 | AL115: 1 | AM115: 0 | AN115: =SUM(P115:AM115) -> 14
A116: =IF(B115=24,A115+1,A115) -> 45752 | B116: =IF(B115=24,1,B115+1) -> 18 | C116: =IFERROR(MATCH(A117,NERCHolidays!$B$2:$B$121,0),0) -> 0 | D116: =IF(AND(B116>=8,B116<=23),1,0) -> 1 | E116: =IF(OR(WEEKDAY(A116)=1,C116<>0),"OP",IF(D116=0,"OP","PK")) -> PK | F116: =VLOOKUP(A116,$O$3:$AN$34,B116+2,FALSE) -> 5 | G116: =VLOOKUP(A116,$O$107:$AM$138,B116+1,FALSE) -> 0 | H116: =VLOOKUP(A116,$O$142:$AM$173,B116+1,FALSE) -> 0 | I116: =VLOOKUP(A116,$O$40:$AN$70,B116+2,FALSE) -> 1 | J116: =VLOOKUP(A116,$O$73:$AN$104,B116+2,FALSE) -> 0 | K116: =VLOOKUP(A116,$O$175:$AM$206,B116+1,FALSE) -> 5 | L116: ='Aztec Metered Load'!C120 -> 4.003 | O116: =O12 -> 45756 | P116: 1 | Q116: 1 | R116: 1 | S116: 1 | T116: 1 | U116: 1 | V116: 1 | W116: 1 | X116: 1 | Y116: 0 | Z116: 0 | AA116: 0 | AB116: 0 | AC116: 0 | AD116: 0 | AE116: 0 | AF116: 0 | AG116: 0 | AH116: 1 | AI116: 1 | AJ116: 1 | AK116: 1 | AL116: 1 | AM116: 0 | AN116: =SUM(P116:AM116) -> 14
A117: =IF(B116=24,A116+1,A116) -> 45752 | B117: =IF(B116=24,1,B116+1) -> 19 | C117: =IFERROR(MATCH(A118,NERCHolidays!$B$2:$B$121,0),0) -> 0 | D117: =IF(AND(B117>=8,B117<=23),1,0) -> 1 | E117: =IF(OR(WEEKDAY(A117)=1,C117<>0),"OP",IF(D117=0,"OP","PK")) -> PK | F117: =VLOOKUP(A117,$O$3:$AN$34,B117+2,FALSE) -> 5 | G117: =VLOOKUP(A117,$O$107:$AM$138,B117+1,FALSE) -> 1 | H117: =VLOOKUP(A117,$O$142:$AM$173,B117+1,FALSE) -> 0 | I117: =VLOOKUP(A117,$O$40:$AN$70,B117+2,FALSE) -> 1 | J117: =VLOOKUP(A117,$O$73:$AN$104,B117+2,FALSE) -> 0 | K117: =VLOOKUP(A117,$O$175:$AM$206,B117+1,FALSE) -> 6 | L117: ='Aztec Metered Load'!C121 -> 4.292 | O117: =O13 -> 45757 | P117: 1 | Q117: 1 | R117: 1 | S117: 1 | T117: 1 | U117: 1 | V117: 1 | W117: 1 | X117: 1 | Y117: 0 | Z117: 0 | AA117: 0 | AB117: 0 | AC117: 0 | AD117: 0 | AE117: 0 | AF117: 0 | AG117: 0 | AH117: 1 | AI117: 1 | AJ117: 1 | AK117: 1 | AL117: 1 | AM117: 0 | AN117: =SUM(P117:AM117) -> 14
A118: =IF(B117=24,A117+1,A117) -> 45752 | B118: =IF(B117=24,1,B117+1) -> 20 | C118: =IFERROR(MATCH(A119,NERCHolidays!$B$2:$B$121,0),0) -> 0 | D118: =IF(AND(B118>=8,B118<=23),1,0) -> 1 | E118: =IF(OR(WEEKDAY(A118)=1,C118<>0),"OP",IF(D118=0,"OP","PK")) -> PK | F118: =VLOOKUP(A118,$O$3:$AN$34,B118+2,FALSE) -> 5 | G118: =VLOOKUP(A118,$O$107:$AM$138,B118+1,FALSE) -> 1 | H118: =VLOOKUP(A118,$O$142:$AM$173,B118+1,FALSE) -> 0 | I118: =VLOOKUP(A118,$O$40:$AN$70,B118+2,FALSE) -> 1 | J118: =VLOOKUP(A118,$O$73:$AN$104,B118+2,FALSE) -> 0 | K118: =VLOOKUP(A118,$O$175:$AM$206,B118+1,FALSE) -> 6 | L118: ='Aztec Metered Load'!C122 -> 4.496 | O118: =O14 -> 45758 | P118: 1 | Q118: 1 | R118: 1 | S118: 1 | T118: 1 | U118: 1 | V118: 1 | W118: 1 | X118: 1 | Y118: 0 | Z118: 0 | AA118: 0 | AB118: 0 | AC118: 0 | AD118: 0 | AE118: 0 | AF118: 0 | AG118: 0 | AH118: 1 | AI118: 1 | AJ118: 1 | AK118: 1 | AL118: 1 | AM118: 0 | AN118: =SUM(P118:AM118) -> 14
A119: =IF(B118=24,A118+1,A118) -> 45752 | B119: =IF(B118=24,1,B118+1) -> 21 | C119: =IFERROR(MATCH(A120,NERCHolidays!$B$2:$B$121,0),0) -> 0 | D119: =IF(AND(B119>=8,B119<=23),1,0) -> 1 | E119: =IF(OR(WEEKDAY(A119)=1,C119<>0),"OP",IF(D119=0,"OP","PK")) -> PK | F119: =VLOOKUP(A119,$O$3:$AN$34,B119+2,FALSE) -> 5 | G119: =VLOOKUP(A119,$O$107:$AM$138,B119+1,FALSE) -> 1 | H119: =VLOOKUP(A119,$O$142:$AM$173,B119+1,FALSE) -> 0 | I119: =VLOOKUP(A119,$O$40:$AN$70,B119+2,FALSE) -> 1 | J119: =VLOOKUP(A119,$O$73:$AN$104,B119+2,FALSE) -> 0 | K119: =VLOOKUP(A119,$O$175:$AM$206,B119+1,FALSE) -> 6 | L119: ='Aztec Metered Load'!C123 -> 4.411 | O119: =O15 -> 45759 | P119: 1 | Q119: 1 | R119: 1 | S119: 1 | T119: 1 | U119: 1 | V119: 1 | W119: 1 | X119: 1 | Y119: 0 | Z119: 0 | AA119: 0 | AB119: 0 | AC119: 0 | AD119: 0 | AE119: 0 | AF119: 0 | AG119: 0 | AH119: 1 | AI119: 1 | AJ119: 1 | AK119: 1 | AL119: 1 | AM119: 0 | AN119: =SUM(P119:AM119) -> 14
... A137: =IF(B136=24,A136+1,A136) -> 45753 | B137: =IF(B136=24,1,B136+1) -> 15 | C137: =IFERROR(MATCH(A138,NERCHolidays!$B$2:$B$121,0),0) -> 0 | D137: =IF(AND(B137>=8,B137<=23),1,0) -> 1 | E137: =IF(OR(WEEKDAY(A137)=1,C137<>0),"OP",IF(D137=0,"OP","PK")) -> OP | F137: =VLOOKUP(A137,$O$3:$AN$34,B137+2,FALSE) -> 5 | G137: =VLOOKUP(A137,$O$107:$AM$138,B137+1,FALSE) -> 0 | H137: =VLOOKUP(A137,$O$142:$AM$173,B137+1,FALSE) -> 0 | I137: =VLOOKUP(A137,$O$40:$AN$70,B137+2,FALSE) -> 1 | J137: =VLOOKUP(A137,$O$73:$AN$104,B137+2,FALSE) -> 0 | K137: =VLOOKUP(A137,$O$175:$AM$206,B137+1,FALSE) -> 5 | L137: ='Aztec Metered Load'!C141 -> 3.296 | O137: =O33 -> 45777 | P137: 1 | Q137: 1 | R137: 1 | S137: 1 | T137: 1 | U137: 1 | V137: 1 | W137: 1 | X137: 0 | Y137: 0 | Z137: 0 | AA137: 0 | AB137: 0 | AC137: 0 | AD137: 0 | AE137: 0 | AF137: 0 | AG137: 0 | AH137: 1 | AI137: 1 | AJ137: 1 | AK137: 1 | AL137: 1 | AM137: 0 | AN137: =SUM(P137:AM137) -> 13
A138: =IF(B137=24,A137+1,A137) -> 45753 | B138: =IF(B137=24,1,B137+1) -> 16 | C138: =IFERROR(MATCH(A139,NERCHolidays!$B$2:$B$121,0),0) -> 0 | D138: =IF(AND(B138>=8,B138<=23),1,0) -> 1 | E138: =IF(OR(WEEKDAY(A138)=1,C138<>0),"OP",IF(D138=0,"OP","PK")) -> OP | F138: =VLOOKUP(A138,$O$3:$AN$34,B138+2,FALSE) -> 5 | G138: =VLOOKUP(A138,$O$107:$AM$138,B138+1,FALSE) -> 0 | H138: =VLOOKUP(A138,$O$142:$AM$173,B138+1,FALSE) -> 0 | I138: =VLOOKUP(A138,$O$40:$AN$70,B138+2,FALSE) -> 1 | J138: =VLOOKUP(A138,$O$73:$AN$104,B138+2,FALSE) -> 0 | K138: =VLOOKUP(A138,$O$175:$AM$206,B138+1,FALSE) -> 5 | L138: ='Aztec Metered Load'!C142 -> 3.362 | AN138: =SUM(P138:AM138) -> 0
A139: =IF(B138=24,A138+1,A138) -> 45753 | B139: =IF(B138=24,1,B138+1) -> 17 | C139: =IFERROR(MATCH(A140,NERCHolidays!$B$2:$B$121,0),0) -> 0 | D139: =IF(AND(B139>=8,B139<=23),1,0) -> 1 | E139: =IF(OR(WEEKDAY(A139)=1,C139<>0),"OP",IF(D139=0,"OP","PK")) -> OP | F139: =VLOOKUP(A139,$O$3:$AN$34,B139+2,FALSE) -> 5 | G139: =VLOOKUP(A139,$O$107:$AM$138,B139+1,FALSE) -> 0 | H139: =VLOOKUP(A139,$O$142:$AM$173,B139+1,FALSE) -> 0 | I139: =VLOOKUP(A139,$O$40:$AN$70,B139+2,FALSE) -> 1 | J139: =VLOOKUP(A139,$O$73:$AN$104,B139+2,FALSE) -> 0 | K139: =VLOOKUP(A139,$O$175:$AM$206,B139+1,FALSE) -> 5 | L139: ='Aztec Metered Load'!C143 -> 3.649 | AN139: =SUM(AN108:AN138) -> 400
A140: =IF(B139=24,A139+1,A139) -> 45753 | B140: =IF(B139=24,1,B139+1) -> 18 | C140: =IFERROR(MATCH(A141,NERCHolidays!$B$2:$B$121,0),0) -> 0 | D140: =IF(AND(B140>=8,B140<=23),1,0) -> 1 | E140: =IF(OR(WEEKDAY(A140)=1,C140<>0),"OP",IF(D140=0,"OP","PK")) -> OP | F140: =VLOOKUP(A140,$O$3:$AN$34,B140+2,FALSE) -> 5 | G140: =VLOOKUP(A140,$O$107:$AM$138,B140+1,FALSE) -> 0 | H140: =VLOOKUP(A140,$O$142:$AM$173,B140+1,FALSE) -> 0 | I140: =VLOOKUP(A140,$O$40:$AN$70,B140+2,FALSE) -> 1 | J140: =VLOOKUP(A140,$O$73:$AN$104,B140+2,FALSE) -> 0 | K140: =VLOOKUP(A140,$O$175:$AM$206,B140+1,FALSE) -> 5 | L140: ='Aztec Metered Load'!C144 -> 3.964 | O140: WRP
A141: =IF(B140=24,A140+1,A140) -> 45753 | B141: =IF(B140=24,1,B140+1) -> 19 | C141: =IFERROR(MATCH(A142,NERCHolidays!$B$2:$B$121,0),0) -> 0 | D141: =IF(AND(B141>=8,B141<=23),1,0) -> 1 | E141: =IF(OR(WEEKDAY(A141)=1,C141<>0),"OP",IF(D141=0,"OP","PK")) -> OP | F141: =VLOOKUP(A141,$O$3:$AN$34,B141+2,FALSE) -> 5 | G141: =VLOOKUP(A141,$O$107:$AM$138,B141+1,FALSE) -> 1 | H141: =VLOOKUP(A141,$O$142:$AM$173,B141+1,FALSE) -> 0 | I141: =VLOOKUP(A141,$O$40:$AN$70,B141+2,FALSE) -> 1 | J141: =VLOOKUP(A141,$O$73:$AN$104,B141+2,FALSE) -> 0 | K141: =VLOOKUP(A141,$O$175:$AM$206,B141+1,FALSE) -> 6 | L141: ='Aztec Metered Load'!C145 -> 4.108 | P141: HE 1 | Q141: HE 2 | R141: HE 3 | S141: HE 4 | T141: HE 5 | U141: HE 6 | V141: HE 7 | W141: HE 8 | X141: HE 9 | Y141: HE 10 | Z141: HE 11 | AA141: HE 12 | AB141: HE 13 | AC141: HE 14 | AD141: HE 15 | AE141: HE 16 | AF141: HE 17 | AG141: HE 18 | AH141: HE 19 | AI141: HE 20 | AJ141: HE 21 | AK141: HE 22 | AL141: HE 23 | AM141: HE 24 | AN141: TOTALS
A142: =IF(B141=24,A141+1,A141) -> 45753 | B142: =IF(B141=24,1,B141+1) -> 20 | C142: =IFERROR(MATCH(A143,NERCHolidays!$B$2:$B$121,0),0) -> 0 | D142: =IF(AND(B142>=8,B142<=23),1,0) -> 1 | E142: =IF(OR(WEEKDAY(A142)=1,C142<>0),"OP",IF(D142=0,"OP","PK")) -> OP | F142: =VLOOKUP(A142,$O$3:$AN$34,B142+2,FALSE) -> 5 | G142: =VLOOKUP(A142,$O$107:$AM$138,B142+1,FALSE) -> 1 | H142: =VLOOKUP(A142,$O$142:$AM$173,B142+1,FALSE) -> 0 | I142: =VLOOKUP(A142,$O$40:$AN$70,B142+2,FALSE) -> 1 | J142: =VLOOKUP(A142,$O$73:$AN$104,B142+2,FALSE) -> 0 | K142: =VLOOKUP(A142,$O$175:$AM$206,B142+1,FALSE) -> 6 | L142: ='Aztec Metered Load'!C146 -> 4.356 | O142: =O4 -> 45748 | P142: 0 | Q142: 0 | R142: 0 | S142: 0 | T142: 0 | U142: 0 | V142: 0 | W142: 0 | X142: 0 | Y142: 0 | Z142: 0 | AA142: 0 | AB142: 0 | AC142: 0 | AD142: 0 | AE142: 0 | AF142: 0 | AG142: 0 | AH142: 0 | AI142: 0 | AJ142: 0 | AK142: 0 | AL142: 0 | AM142: 0 | AN142: =SUM(P142:AM142) -> 0
A143: =IF(B142=24,A142+1,A142) -> 45753 | B143: =IF(B142=24,1,B142+1) -> 21 | C143: =IFERROR(MATCH(A144,NERCHolidays!$B$2:$B$121,0),0) -> 0 | D143: =IF(AND(B143>=8,B143<=23),1,0) -> 1 | E143: =IF(OR(WEEKDAY(A143)=1,C143<>0),"OP",IF(D143=0,"OP","PK")) -> OP | F143: =VLOOKUP(A143,$O$3:$AN$34,B143+2,FALSE) -> 5 | G143: =VLOOKUP(A143,$O$107:$AM$138,B143+1,FALSE) -> 1 | H143: =VLOOKUP(A143,$O$142:$AM$173,B143+1,FALSE) -> 0 | I143: =VLOOKUP(A143,$O$40:$AN$70,B143+2,FALSE) -> 1 | J143: =VLOOKUP(A143,$O$73:$AN$104,B143+2,FALSE) -> 0 | K143: =VLOOKUP(A143,$O$175:$AM$206,B143+1,FALSE) -> 6 | L143: ='Aztec Metered Load'!C147 -> 4.308 | O143: =O5 -> 45749 | P143: 0 | Q143: 0 | R143: 0 | S143: 0 | T143: 0 | U143: 0 | V143: 0 | W143: 0 | X143: 0 | Y143: 0 | Z143: 0 | AA143: 0 | AB143: 0 | AC143: 0 | AD143: 0 | AE143: 0 | AF143: 0 | AG143: 0 | AH143: 0 | AI143: 0 | AJ143: 0 | AK143: 0 | AL143: 0 | AM143: 0 | AN143: =SUM(P143:AM143) -> 0
...

Sheet pivot Allocation
A3: Row Labels | B3: Sum of AHP | C3: Sum of WRP | D3: Sum of Total
A4: 42644 | B4: 25 | C4: 0 | D4: 78
A5: 42645 | B5: 24 | C5: 0 | D5: 77
A6: 42646 | B6: 25 | C6: 0 | D6: 89
A7: 42647 | B7: 24 | C7: 0 | D7: 87
A8: 42648 | B8: 24 | C8: 0 | D8: 86
A9: 42649 | B9: 24 | C9: 0 | D9: 86
A10: 42650 | B10: 24 | C10: 0 | D10: 77
A11: 42651 | B11: 24 | C11: 0 | D11: 76
A12: 42652 | B12: 24 | C12: 0 | D12: 77
A13: 42653 | B13: 24 | C13: 0 | D13: 75
A14: 42654 | B14: 24 | C14: 0 | D14: 75
A15: 42655 | B15: 24 | C15: 0 | D15: 102
... A34: 42674 | B34: 24 | C34: 0 | D34: 93
A35: Grand Total | B35: 746 | C35: 0 | D35: 2800

Sheet NERCHolidays
A1: NERCHoliday | B1: Date | C1: Weekday
A2: New Year's Day | B2: 40544 | C2: Sat
A3: Memorial Day | B3: 40693 | C3: Mon
A4: Independence Day | B4: 40728 | C4: Mon
A5: Labor Day | B5: 40791 | C5: Mon
A6: Thanksgivig Day | B6: 40871 | C6: Thu
A7: Christmas Day | B7: 40903 | C7: Mon
A8: New Year's Day | B8: 40910 | C8: Mon
A9: Memorial Day | B9: 41057 | C9: Mon
A10: Independence Day | B10: 41094 | C10: Wed
A11: Labor Day | B11: 41155 | C11: Mon
A12: Thanksgivig Day | B12: 41235 | C12: Thu
A13: Christmas Day | B13: 41268 | C13: Tue
... A121: Christmas Day | B121: 47842 | C121: Wed

Sheet WRP Cost
B2: Month | C2: ATC | D2: PK | E2: OP | F2: Note | G2: ATC Hours | H2: PK Hours | I2: OP Hours | J2: Scheduled PK | K2: Scheduled OP | L2: WRP Cost ($/MWh)
B3: 42522 | C3: =SUMPRODUCT(D3:E3,H3:I3)/G3 -> 34.218444 | D3: 35.92 | E3: 31.89 | F3: Final | G3: 720 | H3: 416 | I3: 304
B4: 42552 | C4: =SUMPRODUCT(D4:E4,H4:I4)/G4 -> 36.675161 | D4: 42.39 | E4: 30.03 | F4: Final | G4: 744 | H4: 400 | I4: 344
B5: 42583 | C5: =SUMPRODUCT(D5:E5,H5:I5)/G5 -> 32.91 | D5: 37.46 | E5: 26.61 | F5: Estimated | G5: 744 | H5: 432 | I5: 312
B6: 42614 | C6: =SUMPRODUCT(D6:E6,H6:I6)/G6 -> 31.677778 | D6: 38.3 | E6: 23.4 | F6: Estimated | G6: 720 | H6: 400 | I6: 320
B7: 42644 | F7: Estimated | G7: 744 | H7: 416 | I7: 328

Sheet Global
A1: Energy Imbalance Global
B3: Date/time beginning | C3: 44409 | D3: =(DATE(YEAR(C3), MONTH(C3)+1,1)-DATE(YEAR(C3), MONTH(C3), 1))*24 -> 744
B4: BILLING PHASE | D4: Preliminary
B5: TRANSMISSION LOSSES (L-AS7) | D5: 0.045
B7: 1st Deviation Bandwidth (L-AS4 and L-AS9)
B8: Bandwidth percentage, over or under (less than or equal to 1.5%) or | D8: 0.015
B9: Bandwidth minimum, MW | C9: 4
B10: Credit Factor for In-Band Over Delivery | D10: 1
B11: Debit Factor for In-Band Under Delivery | D11: 1
B13: 2nd Deviation Bandwidth (L-AS4 and L-AS9)
B14: Bandwidth percentage, over or under (1.5% to 7.5%) or | C14: 0.015 | D14: 0.075
B15: Bandwidth minimum/maximum, MW | C15: 4 | D15: 10
B16: Credit Factor for Out-of-Band Over Delivery | D16: 0.9
B17: Debit Factor for Out-of-Band Under Delivery | D17: 1.1
B19: 3rd Deviation Bandwidth (L-AS4 and L-AS9)
B20: Bandwidth percentage, over or under (greater than 7.5%) or | C20: 0.075
B21: Bandwidth maximum, MW | D21: 10
B22: Credit Factor for Out-of-Band Over Delivery | D22: 0.75
B23: Debit Factor for Out-of-Band Under Delivery | D23: 1.25
B25: Note: Intermittent generators are exempt from 25% penalties. All intermittent generation imbalances greater than 1.5% of metered generation are subject only to a 10% penalty.

Sheet Resources
A1: CUSTOMER'S SCHEDULED RESOURCES
A5: HOUR BEGINS | B5: HOUR ENDS | C5: PAGE WACM NET RESOURCES (MWh)
A7: 44531 | B7: =$A7+1/24 -> 44531.042 | C7: =GEServed!K3 -> 6
A8: =$A7+1/24 -> 44531.042 | B8: =$A8+1/24 -> 44531.083 | C8: =GEServed!K4 -> 6
A9: =$A8+1/24 -> 44531.083 | B9: =$A9+1/24 -> 44531.125 | C9: =GEServed!K5 -> 1
A10: =$A9+1/24 -> 44531.125 | B10: =$A10+1/24 -> 44531.167 | C10: =GEServed!K6 -> 6
A11: =$A10+1/24 -> 44531.167 | B11: =$A11+1/24 -> 44531.208 | C11: =GEServed!K7 -> 6
A12: =$A11+1/24 -> 44531.208 | B12: =$A12+1/24 -> 44531.25 | C12: =GEServed!K8 -> 6
A13: =$A12+1/24 -> 44531.25 | B13: =$A13+1/24 -> 44531.292 | C13: =GEServed!K9 -> 6
A14: =$A13+1/24 -> 44531.292 | B14: =$A14+1/24 -> 44531.333 | C14: =GEServed!K10 -> 6
A15: =$A14+1/24 -> 44531.333 | B15: =$A15+1/24 -> 44531.375 | C15: =GEServed!K11 -> 6
A16: =$A15+1/24 -> 44531.375 | B16: =$A16+1/24 -> 44531.417 | C16: =GEServed!K12 -> 5
A17: =$A16+1/24 -> 44531.417 | B17: =$A17+1/24 -> 44531.458 | C17: =GEServed!K13 -> 5
A18: =$A17+1/24 -> 44531.458 | B18: =$A18+1/24 -> 44531.5 | C18: =GEServed!K14 -> 5
A19: =$A18+1/24 -> 44531.5 | B19: =$A19+1/24 -> 44531.542 | C19: =GEServed!K15 -> 5
... A726: =$A725+1/24 -> 44560.958 | B726: =$A726+1/24 -> 44561 | C726: =GEServed!K722 -> 4
A727: =$A726+1/24 -> 44561 | B727: =$A727+1/24 -> 44561.042 | C727: =GEServed!#REF! -> #REF!
A728: =$A727+1/24 -> 44561.042 | B728: =$A728+1/24 -> 44561.083 | C728: =GEServed!#REF! -> #REF!
A729: =$A728+1/24 -> 44561.083 | B729: =$A729+1/24 -> 44561.125 | C729: =GEServed!#REF! -> #REF!
A730: =$A729+1/24 -> 44561.125 | B730: =$A730+1/24 -> 44561.167 | C730: =GEServed!#REF! -> #REF!
A731: =$A730+1/24 -> 44561.167 | B731: =$A731+1/24 -> 44561.208 | C731: =GEServed!#REF! -> #REF!
A732: =$A731+1/24 -> 44561.208 | B732: =$A732+1/24 -> 44561.25 | C732: =GEServed!#REF! -> #REF!
A733: =$A732+1/24 -> 44561.25 | B733: =$A733+1/24 -> 44561.292 | C733: =GEServed!#REF! -> #REF!
A734: =$A733+1/24 -> 44561.292 | B734: =$A734+1/24 -> 44561.333 | C734: =GEServed!#REF! -> #REF!
A735: =$A734+1/24 -> 44561.333 | B735: =$A735+1/24 -> 44561.375 | C735: =GEServed!#REF! -> #REF!
A736: =$A735+1/24 -> 44561.375 | B736: =$A736+1/24 -> 44561.417 | C736: =GEServed!#REF! -> #REF!
A737: =$A736+1/24 -> 44561.417 | B737: =$A737+1/24 -> 44561.458 | C737: =GEServed!#REF! -> #REF!
A738: =$A737+1/24 -> 44561.458 | B738: =$A738+1/24 -> 44561.5 | C738: =GEServed!#REF! -> #REF!
... A750: =$A749+1/24 -> 44561.958 | B750: =$A750+1/24 -> 44562 | C750: =GEServed!#REF! -> #REF!

Sheet Pricing
C1: AGGREGATE PRICING
K4: Prices are from Oati website
C5: HOUR BEGINS | D5: HOUR ENDS | E5: PRICING
A6: Date | B6: HE | K6: =A7 -> 44531 | L6: 25 | M6: 25 | N6: 25 | O6: 25 | P6: 25 | Q6: 25 | R6: 25 | S6: 25 | T6: 25 | U6: 25 | V6: 25 | W6: 25 | X6: 25 | Y6: 25 | Z6: 25 | AA6: 25 | AB6: 25 | AC6: 25 | AD6: 25 | AE6: 25 | AF6: 25 | AG6: 25 | AH6: 25 | AI6: 25
A7: 44531 | B7: =HOUR(C7)+1 -> 1 | C7: 44531 | D7: =$C7+1/24 -> 44531.042 | E7: =VLOOKUP(A7,$K$6:$AI$36,B7+1,FALSE) -> 25 | K7: =K6+1 -> 44532 | L7: 25.29 | M7: 25.29 | N7: 25.29 | O7: 25.29 | P7: 20 | Q7: 25 | R7: 30 | S7: 35 | T7: 27.36 | U7: 27.36 | V7: 24 | W7: 27.36 | X7: 27.36 | Y7: 27.36 | Z7: 27.36 | AA7: 27.36 | AB7: 25 | AC7: 27.36 | AD7: 27.36 | AE7: 27.36 | AF7: 27.36 | AG7: 27.36 | AH7: 27.36 | AI7: 25.29
A8: =DATE(YEAR(C8),MONTH(C8),DAY(C8)) -> 44531 | B8: =HOUR(C8)+1 -> 2 | C8: =$C7+1/24 -> 44531.042 | D8: =$C8+1/24 -> 44531.083 | E8: =VLOOKUP(A8,$K$6:$AI$36,B8+1,FALSE) -> 25 | K8: =K7+1 -> 44533 | L8: 29.58 | M8: 29.58 | N8: 29.58 | O8: 29.58 | P8: 29.58 | Q8: 29.58 | R8: 18 | S8: 18 | T8: 25.4 | U8: 35 | V8: 35 | W8: 29.58 | X8: 29.58 | Y8: 29.58 | Z8: 35 | AA8: 29.58 | AB8: 45 | AC8: 29.58 | AD8: 29.58 | AE8: 29.58 | AF8: 29.58 | AG8: 29.58 | AH8: 29.58 | AI8: 29.58
A9: =DATE(YEAR(C9),MONTH(C9),DAY(C9)) -> 44531 | B9: =HOUR(C9)+1 -> 3 | C9: =$C8+1/24 -> 44531.083 | D9: =$C9+1/24 -> 44531.125 | E9: =VLOOKUP(A9,$K$6:$AI$36,B9+1,FALSE) -> 25 | K9: =K8+1 -> 44534 | L9: 30 | M9: 30 | N9: 30 | O9: 30 | P9: 30 | Q9: 30 | R9: 30 | S9: 30 | T9: 30 | U9: 30 | V9: 30 | W9: 30 | X9: 30 | Y9: 30 | Z9: 30 | AA9: 30 | AB9: 30 | AC9: 30 | AD9: 30 | AE9: 30 | AF9: 30 | AG9: 30 | AH9: 30 | AI9: 30
A10: =DATE(YEAR(C10),MONTH(C10),DAY(C10)) -> 44531 | B10: =HOUR(C10)+1 -> 4 | C10: =$C9+1/24 -> 44531.125 | D10: =$C10+1/24 -> 44531.167 | E10: =VLOOKUP(A10,$K$6:$AI$36,B10+1,FALSE) -> 25 | K10: =K9+1 -> 44535 | L10: 30.21 | M10: 30.21 | N10: 30.21 | O10: 30.21 | P10: 30.21 | Q10: 30.21 | R10: 30.21 | S10: 30 | T10: 30 | U10: 30 | V10: 30 | W10: 30 | X10: 30 | Y10: 30 | Z10: 30 | AA10: 30 | AB10: 30 | AC10: 30 | AD10: 30 | AE10: 30 | AF10: 30 | AG10: 30 | AH10: 30 | AI10: 30.21
A11: =DATE(YEAR(C11),MONTH(C11),DAY(C11)) -> 44531 | B11: =HOUR(C11)+1 -> 5 | C11: =$C10+1/24 -> 44531.167 | D11: =$C11+1/24 -> 44531.208 | E11: =VLOOKUP(A11,$K$6:$AI$36,B11+1,FALSE) -> 25 | K11: =K10+1 -> 44536 | L11: 21.13 | M11: 21.13 | N11: 21.13 | O11: 21.13 | P11: 18 | Q11: 22 | R11: 22 | S11: 22 | T11: 20 | U11: 20 | V11: 20 | W11: 20 | X11: 20.62 | Y11: 20.62 | Z11: 20.62 | AA11: 20 | AB11: 20.62 | AC11: 24 | AD11: 20.62 | AE11: 20.62 | AF11: 20.62 | AG11: 20.62 | AH11: 20.62 | AI11: 21.13
A12: =DATE(YEAR(C12),MONTH(C12),DAY(C12)) -> 44531 | B12: =HOUR(C12)+1 -> 6 | C12: =$C11+1/24 -> 44531.208 | D12: =$C12+1/24 -> 44531.25 | E12: =VLOOKUP(A12,$K$6:$AI$36,B12+1,FALSE) -> 25 | K12: =K11+1 -> 44537 | L12: 50.35 | M12: 50.35 | N12: 26 | O12: 50.35 | P12: 28 | Q12: 45 | R12: 75 | S12: 75 | T12: 39.38 | U12: 35 | V12: 75 | W12: 54.6 | X12: 30 | Y12: 54 | Z12: 54 | AA12: 54 | AB12: 44.43 | AC12: 50 | AD12: 54 | AE12: 54 | AF12: 54 | AG12: 54 | AH12: 54 | AI12: 50.35
A13: =DATE(YEAR(C13),MONTH(C13),DAY(C13)) -> 44531 | B13: =HOUR(C13)+1 -> 7 | C13: =$C12+1/24 -> 44531.25 | D13: =$C13+1/24 -> 44531.292 | E13: =VLOOKUP(A13,$K$6:$AI$36,B13+1,FALSE) -> 25 | K13: =K12+1 -> 44538 | L13: 30 | M13: 30 | N13: 30 | O13: 30 | P13: 30 | Q13: 30 | R13: 30 | S13: 33.5 | T13: 33.5 | U13: 33.5 | V13: 33.5 | W13: 33.5 | X13: 33.5 | Y13: 33.5 | Z13: 33.5 | AA13: 33.5 | AB13: 33.5 | AC13: 33.5 | AD13: 33.5 | AE13: 33.5 | AF13: 33.5 | AG13: 33.5 | AH13: 33.5 | AI13: 30
A14: =DATE(YEAR(C14),MONTH(C14),DAY(C14)) -> 44531 | B14: =HOUR(C14)+1 -> 8 | C14: =$C13+1/24 -> 44531.292 | D14: =$C14+1/24 -> 44531.333 | E14: =VLOOKUP(A14,$K$6:$AI$36,B14+1,FALSE) -> 25 | K14: =K13+1 -> 44539 | L14: 34 | M14: 34 | N14: 34 | O14: 34 | P14: 30 | Q14: 30 | R14: 38 | S14: 35 | T14: 35 | U14: 30 | V14: 45.21 | W14: 45.21 | X14: 45.21 | Y14: 45.21 | Z14: 45.21 | AA14: 50 | AB14: 34 | AC14: 50 | AD14: 52.5 | AE14: 60 | AF14: 45.21 | AG14: 45.21 | AH14: 45.21 | AI14: 34
A15: =DATE(YEAR(C15),MONTH(C15),DAY(C15)) -> 44531 | B15: =HOUR(C15)+1 -> 9 | C15: =$C14+1/24 -> 44531.333 | D15: =$C15+1/24 -> 44531.375 | E15: =VLOOKUP(A15,$K$6:$AI$36,B15+1,FALSE) -> 25 | K15: =K14+1 -> 44540 | L15: 37.98 | M15: 37.98 | N15: 37.98 | O15: 37.98 | P15: 28 | Q15: 28 | R15: 30 | S15: 35 | T15: 35.33 | U15: 35.33 | V15: 32 | W15: 37.98 | X15: 37.98 | Y15: 37.98 | Z15: 37.98 | AA15: 37.98 | AB15: 36 | AC15: 43.2 | AD15: 48.67 | AE15: 55 | AF15: 37.98 | AG15: 37.98 | AH15: 37.98 | AI15: 37.98
A16: =DATE(YEAR(C16),MONTH(C16),DAY(C16)) -> 44531 | B16: =HOUR(C16)+1 -> 10 | C16: =$C15+1/24 -> 44531.375 | D16: =$C16+1/24 -> 44531.417 | E16: =VLOOKUP(A16,$K$6:$AI$36,B16+1,FALSE) -> 25 | K16: =K15+1 -> 44541 | L16: 30.83 | M16: 30.83 | N16: 30.83 | O16: 30.83 | P16: 30.83 | Q16: 28 | R16: 32.25 | S16: 30 | T16: 30 | U16: 26 | V16: 41.71 | W16: 41.71 | X16: 41.71 | Y16: 41.71 | Z16: 41.71 | AA16: 41.71 | AB16: 26 | AC16: 72 | AD16: 52.22 | AE16: 45 | AF16: 41.71 | AG16: 41.71 | AH16: 41.71 | AI16: 30.83
A17: =DATE(YEAR(C17),MONTH(C17),DAY(C17)) -> 44531 | B17: =HOUR(C17)+1 -> 11 | C17: =$C16+1/24 -> 44531.417 | D17: =$C17+1/24 -> 44531.458 | E17: =VLOOKUP(A17,$K$6:$AI$36,B17+1,FALSE) -> 25 | K17: =K16+1 -> 44542 | L17: 30.14 | M17: 30.14 | N17: 30.14 | O17: 25 | P17: 28 | Q17: 30 | R17: 35 | S17: 35 | T17: 35.82 | U17: 35.82 | V17: 35.82 | W17: 36 | X17: 36 | Y17: 36 | Z17: 35.82 | AA17: 36 | AB17: 36 | AC17: 35.82 | AD17: 35.82 | AE17: 35.82 | AF17: 35.82 | AG17: 35.82 | AH17: 35.82 | AI17: 30.14
A18: =DATE(YEAR(C18),MONTH(C18),DAY(C18)) -> 44531 | B18: =HOUR(C18)+1 -> 12 | C18: =$C17+1/24 -> 44531.458 | D18: =$C18+1/24 -> 44531.5 | E18: =VLOOKUP(A18,$K$6:$AI$36,B18+1,FALSE) -> 25 | K18: =K17+1 -> 44543 | L18: 25.29 | M18: 25.29 | N18: 25.29 | O18: 19 | P18: 22 | Q18: 29 | R18: 31.71 | S18: 31.5 | T18: 36.29 | U18: 38 | V18: 35 | W18: 37 | X18: 35 | Y18: 36.29 | Z18: 36.29 | AA18: 36.29 | AB18: 40 | AC18: 40 | AD18: 36.29 | AE18: 36.29 | AF18: 36.29 | AG18: 36.29 | AH18: 36.29 | AI18: 14
A19: =DATE(YEAR(C19),MONTH(C19),DAY(C19)) -> 44531 | B19: =HOUR(C19)+1 -> 13 | C19: =$C18+1/24 -> 44531.5 | D19: =$C19+1/24 -> 44531.542 | E19: =VLOOKUP(A19,$K$6:$AI$36,B19+1,FALSE) -> 25 | K19: =K18+1 -> 44544 | L19: 14 | M19: 14 | N19: 15.21 | O19: 14 | P19: 14 | Q19: 14 | R19: 20 | S19: 20 | T19: 18 | U19: 18 | V19: 17 | W19: 17.23 | X19: 17.23 | Y19: 17.23 | Z19: 9 | AA19: 9 | AB19: 20 | AC19: 20 | AD19: 18.4 | AE19: 18 | AF19: 17.23 | AG19: 18 | AH19: 18 | AI19: 18
... A36: =DATE(YEAR(C36),MONTH(C36),DAY(C36)) -> 44532 | B36: =HOUR(C36)+1 -> 6 | C36: =$C35+1/24 -> 44532.208 | D36: =$C36+1/24 -> 44532.25 | E36: =VLOOKUP(A36,$K$6:$AI$36,B36+1,FALSE) -> 25 | K36: =K35+1 -> 44561 | L36: 30.21 | M36: 30.21 | N36: 30.21 | O36: 30.21 | P36: 30.21 | Q36: 30.21 | R36: 30.21 | S36: 38.66 | T36: 38.66 | U36: 38.66 | V36: 38.66 | W36: 38.66 | X36: 38.66 | Y36: 38.66 | Z36: 38.66 | AA36: 38.66 | AB36: 38.66 | AC36: 38.66 | AD36: 38.66 | AE36: 38.66 | AF36: 38.66 | AG36: 38.66 | AH36: 38.66 | AI36: 30.21
A37: =DATE(YEAR(C37),MONTH(C37),DAY(C37)) -> 44532 | B37: =HOUR(C37)+1 -> 7 | C37: =$C36+1/24 -> 44532.25 | D37: =$C37+1/24 -> 44532.292 | E37: =VLOOKUP(A37,$K$6:$AI$36,B37+1,FALSE) -> 30
A38: =DATE(YEAR(C38),MONTH(C38),DAY(C38)) -> 44532 | B38: =HOUR(C38)+1 -> 8 | C38: =$C37+1/24 -> 44532.292 | D38: =$C38+1/24 -> 44532.333 | E38: =VLOOKUP(A38,$K$6:$AI$36,B38+1,FALSE) -> 35
A39: =DATE(YEAR(C39),MONTH(C39),DAY(C39)) -> 44532 | B39: =HOUR(C39)+1 -> 9 | C39: =$C38+1/24 -> 44532.333 | D39: =$C39+1/24 -> 44532.375 | E39: =VLOOKUP(A39,$K$6:$AI$36,B39+1,FALSE) -> 27.36
A40: =DATE(YEAR(C40),MONTH(C40),DAY(C40)) -> 44532 | B40: =HOUR(C40)+1 -> 10 | C40: =$C39+1/24 -> 44532.375 | D40: =$C40+1/24 -> 44532.417 | E40: =VLOOKUP(A40,$K$6:$AI$36,B40+1,FALSE) -> 27.36
A41: =DATE(YEAR(C41),MONTH(C41),DAY(C41)) -> 44532 | B41: =HOUR(C41)+1 -> 11 | C41: =$C40+1/24 -> 44532.417 | D41: =$C41+1/24 -> 44532.458 | E41: =VLOOKUP(A41,$K$6:$AI$36,B41+1,FALSE) -> 24
A42: =DATE(YEAR(C42),MONTH(C42),DAY(C42)) -> 44532 | B42: =HOUR(C42)+1 -> 12 | C42: =$C41+1/24 -> 44532.458 | D42: =$C42+1/24 -> 44532.5 | E42: =VLOOKUP(A42,$K$6:$AI$36,B42+1,FALSE) -> 27.36
A43: =DATE(YEAR(C43),MONTH(C43),DAY(C43)) -> 44532 | B43: =HOUR(C43)+1 -> 13 | C43: =$C42+1/24 -> 44532.5 | D43: =$C43+1/24 -> 44532.542 | E43: =VLOOKUP(A43,$K$6:$AI$36,B43+1,FALSE) -> 27.36
A44: =DATE(YEAR(C44),MONTH(C44),DAY(C44)) -> 44532 | B44: =HOUR(C44)+1 -> 14 | C44: =$C43+1/24 -> 44532.542 | D44: =$C44+1/24 -> 44532.583 | E44: =VLOOKUP(A44,$K$6:$AI$36,B44+1,FALSE) -> 27.36
A45: =DATE(YEAR(C45),MONTH(C45),DAY(C45)) -> 44532 | B45: =HOUR(C45)+1 -> 15 | C45: =$C44+1/24 -> 44532.583 | D45: =$C45+1/24 -> 44532.625 | E45: =VLOOKUP(A45,$K$6:$AI$36,B45+1,FALSE) -> 27.36
A46: =DATE(YEAR(C46),MONTH(C46),DAY(C46)) -> 44532 | B46: =HOUR(C46)+1 -> 16 | C46: =$C45+1/24 -> 44532.625 | D46: =$C46+1/24 -> 44532.667 | E46: =VLOOKUP(A46,$K$6:$AI$36,B46+1,FALSE) -> 27.36
A47: =DATE(YEAR(C47),MONTH(C47),DAY(C47)) -> 44532 | B47: =HOUR(C47)+1 -> 17 | C47: =$C46+1/24 -> 44532.667 | D47: =$C47+1/24 -> 44532.708 | E47: =VLOOKUP(A47,$K$6:$AI$36,B47+1,FALSE) -> 25
A48: =DATE(YEAR(C48),MONTH(C48),DAY(C48)) -> 44532 | B48: =HOUR(C48)+1 -> 18 | C48: =$C47+1/24 -> 44532.708 | D48: =$C48+1/24 -> 44532.75 | E48: =VLOOKUP(A48,$K$6:$AI$36,B48+1,FALSE) -> 27.36
... A750: =DATE(YEAR(C750),MONTH(C750),DAY(C750)) -> 44561 | B750: =HOUR(C750)+1 -> 24 | C750: =$C749+1/24 -> 44561.958 | D750: =$C750+1/24 -> 44562 | E750: =VLOOKUP(A750,$K$6:$AI$36,B750+1,FALSE) -> 30.21

Sheet Bill Calc
A1: Energy Imbalance Billing Calculations
C4: SALES | L4: PURCHASES
A5: HOUR BEGINS | B5: HOUR ENDS | C5: 3rd Deviation Bandwidth (Over Delivery) | E5: =Global!$D$22 -> 0.75 | F5: 2nd Deviation Bandwidth (Over Delivery) | H5: =Global!$D$16 -> 0.9 | I5: 1st Deviation Bandwidth (Over Delivery) | K5: =Global!$D$10 -> 1 | L5: 1st Deviation Bandwidth (Under Delivery) | N5: =Global!$D$11 -> 1 | O5: 2nd Deviation Bandwidth (Under Delivery) | Q5: =Global!$D$17 -> 1.1 | R5: 3rd Deviation Bandwidth (Under Delivery) | T5: =Global!$D$23 -> 1.25
C6: MWh | D6: Credit Rate | E6: Sub Total | F6: MWh | G6: Credit Rate | H6: Sub Total | I6: MWh | J6: Credit Rate | K6: Sub Total | L6: MWh | M6: Charge Rate | N6: Sub Total | O6: MWh | P6: Charge Rate | Q6: Sub Total | R6: MWh | S6: Charge Rate | T6: Sub Total
A7: 44531 | B7: =$A7+1/24 -> 44531.042 | C7: =#REF! -> #REF! | D7: =IF(C7>0,Pricing!E7*$E$5,0) -> #REF! | E7: =C7*D7 -> #REF! | F7: =#REF! -> #REF! | G7: =IF(F7>0,Pricing!E7*$H$5,0) -> #REF! | H7: =F7*G7 -> #REF! | I7: =#REF! -> #REF! | J7: =IF(I7>0,Pricing!E7*$K$5,0) -> #REF! | K7: =I7*J7 -> #REF! | L7: =#REF! -> #REF! | M7: =IF(L7<0,Pricing!E7*$N$5,0) -> #REF! | N7: =L7*M7 -> #REF! | O7: =#REF! -> #REF! | P7: =IF(O7<0,Pricing!E7*$Q$5,0) -> #REF! | Q7: =O7*P7 -> #REF! | R7: =#REF! -> #REF! | S7: =IF(R7<0,Pricing!E7*$T$5,0) -> #REF! | T7: =R7*S7 -> #REF!
A8: =$A7+1/24 -> 44531.042 | B8: =B7+1/24 -> 44531.083 | C8: =#REF! -> #REF! | D8: =IF(C8>0,Pricing!E8*$E$5,0) -> #REF! | E8: =C8*D8 -> #REF! | F8: =#REF! -> #REF! | G8: =IF(F8>0,Pricing!E8*$H$5,0) -> #REF! | H8: =F8*G8 -> #REF! | I8: =#REF! -> #REF! | J8: =IF(I8>0,Pricing!E8*$K$5,0) -> #REF! | K8: =I8*J8 -> #REF! | L8: =#REF! -> #REF! | M8: =IF(L8<0,Pricing!E8*$N$5,0) -> #REF! | N8: =L8*M8 -> #REF! | O8: =#REF! -> #REF! | P8: =IF(O8<0,Pricing!E8*$Q$5,0) -> #REF! | Q8: =O8*P8 -> #REF! | R8: =#REF! -> #REF! | S8: =IF(R8<0,Pricing!E8*$T$5,0) -> #REF! | T8: =R8*S8 -> #REF!
A9: =$A8+1/24 -> 44531.083 | B9: =B8+1/24 -> 44531.125 | C9: =#REF! -> #REF! | D9: =IF(C9>0,Pricing!E9*$E$5,0) -> #REF! | E9: =C9*D9 -> #REF! | F9: =#REF! -> #REF! | G9: =IF(F9>0,Pricing!E9*$H$5,0) -> #REF! | H9: =F9*G9 -> #REF! | I9: =#REF! -> #REF! | J9: =IF(I9>0,Pricing!E9*$K$5,0) -> #REF! | K9: =I9*J9 -> #REF! | L9: =#REF! -> #REF! | M9: =IF(L9<0,Pricing!E9*$N$5,0) -> #REF! | N9: =L9*M9 -> #REF! | O9: =#REF! -> #REF! | P9: =IF(O9<0,Pricing!E9*$Q$5,0) -> #REF! | Q9: =O9*P9 -> #REF! | R9: =#REF! -> #REF! | S9: =IF(R9<0,Pricing!E9*$T$5,0) -> #REF! | T9: =R9*S9 -> #REF!
A10: =$A9+1/24 -> 44531.125 | B10: =B9+1/24 -> 44531.167 | C10: =#REF! -> #REF! | D10: =IF(C10>0,Pricing!E10*$E$5,0) -> #REF! | E10: =C10*D10 -> #REF! | F10: =#REF! -> #REF! | G10: =IF(F10>0,Pricing!E10*$H$5,0) -> #REF! | H10: =F10*G10 -> #REF! | I10: =#REF! -> #REF! | J10: =IF(I10>0,Pricing!E10*$K$5,0) -> #REF! | K10: =I10*J10 -> #REF! | L10: =#REF! -> #REF! | M10: =IF(L10<0,Pricing!E10*$N$5,0) -> #REF! | N10: =L10*M10 -> #REF! | O10: =#REF! -> #REF! | P10: =IF(O10<0,Pricing!E10*$Q$5,0) -> #REF! | Q10: =O10*P10 -> #REF! | R10: =#REF! -> #REF! | S10: =IF(R10<0,Pricing!E10*$T$5,0) -> #REF! | T10: =R10*S10 -> #REF!
A11: =$A10+1/24 -> 44531.167 | B11: =B10+1/24 -> 44531.208 | C11: =#REF! -> #REF! | D11: =IF(C11>0,Pricing!E11*$E$5,0) -> #REF! | E11: =C11*D11 -> #REF! | F11: =#REF! -> #REF! | G11: =IF(F11>0,Pricing!E11*$H$5,0) -> #REF! | H11: =F11*G11 -> #REF! | I11: =#REF! -> #REF! | J11: =IF(I11>0,Pricing!E11*$K$5,0) -> #REF! | K11: =I11*J11 -> #REF! | L11: =#REF! -> #REF! | M11: =IF(L11<0,Pricing!E11*$N$5,0) -> #REF! | N11: =L11*M11 -> #REF! | O11: =#REF! -> #REF! | P11: =IF(O11<0,Pricing!E11*$Q$5,0) -> #REF! | Q11: =O11*P11 -> #REF! | R11: =#REF! -> #REF! | S11: =IF(R11<0,Pricing!E11*$T$5,0) -> #REF! | T11: =R11*S11 -> #REF!
A12: =$A11+1/24 -> 44531.208 | B12: =B11+1/24 -> 44531.25 | C12: =#REF! -> #REF! | D12: =IF(C12>0,Pricing!E12*$E$5,0) -> #REF! | E12: =C12*D12 -> #REF! | F12: =#REF! -> #REF! | G12: =IF(F12>0,Pricing!E12*$H$5,0) -> #REF! | H12: =F12*G12 -> #REF! | I12: =#REF! -> #REF! | J12: =IF(I12>0,Pricing!E12*$K$5,0) -> #REF! | K12: =I12*J12 -> #REF! | L12: =#REF! -> #REF! | M12: =IF(L12<0,Pricing!E12*$N$5,0) -> #REF! | N12: =L12*M12 -> #REF! | O12: =#REF! -> #REF! | P12: =IF(O12<0,Pricing!E12*$Q$5,0) -> #REF! | Q12: =O12*P12 -> #REF! | R12: =#REF! -> #REF! | S12: =IF(R12<0,Pricing!E12*$T$5,0) -> #REF! | T12: =R12*S12 -> #REF!
A13: =$A12+1/24 -> 44531.25 | B13: =B12+1/24 -> 44531.292 | C13: =#REF! -> #REF! | D13: =IF(C13>0,Pricing!E13*$E$5,0) -> #REF! | E13: =C13*D13 -> #REF! | F13: =#REF! -> #REF! | G13: =IF(F13>0,Pricing!E13*$H$5,0) -> #REF! | H13: =F13*G13 -> #REF! | I13: =#REF! -> #REF! | J13: =IF(I13>0,Pricing!E13*$K$5,0) -> #REF! | K13: =I13*J13 -> #REF! | L13: =#REF! -> #REF! | M13: =IF(L13<0,Pricing!E13*$N$5,0) -> #REF! | N13: =L13*M13 -> #REF! | O13: =#REF! -> #REF! | P13: =IF(O13<0,Pricing!E13*$Q$5,0) -> #REF! | Q13: =O13*P13 -> #REF! | R13: =#REF! -> #REF! | S13: =IF(R13<0,Pricing!E13*$T$5,0) -> #REF! | T13: =R13*S13 -> #REF!
A14: =$A13+1/24 -> 44531.292 | B14: =B13+1/24 -> 44531.333 | C14: =#REF! -> #REF! | D14: =IF(C14>0,Pricing!E14*$E$5,0) -> #REF! | E14: =C14*D14 -> #REF! | F14: =#REF! -> #REF! | G14: =IF(F14>0,Pricing!E14*$H$5,0) -> #REF! | H14: =F14*G14 -> #REF! | I14: =#REF! -> #REF! | J14: =IF(I14>0,Pricing!E14*$K$5,0) -> #REF! | K14: =I14*J14 -> #REF! | L14: =#REF! -> #REF! | M14: =IF(L14<0,Pricing!E14*$N$5,0) -> #REF! | N14: =L14*M14 -> #REF! | O14: =#REF! -> #REF! | P14: =IF(O14<0,Pricing!E14*$Q$5,0) -> #REF! | Q14: =O14*P14 -> #REF! | R14: =#REF! -> #REF! | S14: =IF(R14<0,Pricing!E14*$T$5,0) -> #REF! | T14: =R14*S14 -> #REF!
A15: =$A14+1/24 -> 44531.333 | B15: =B14+1/24 -> 44531.375 | C15: =#REF! -> #REF! | D15: =IF(C15>0,Pricing!E15*$E$5,0) -> #REF! | E15: =C15*D15 -> #REF! | F15: =#REF! -> #REF! | G15: =IF(F15>0,Pricing!E15*$H$5,0) -> #REF! | H15: =F15*G15 -> #REF! | I15: =#REF! -> #REF! | J15: =IF(I15>0,Pricing!E15*$K$5,0) -> #REF! | K15: =I15*J15 -> #REF! | L15: =#REF! -> #REF! | M15: =IF(L15<0,Pricing!E15*$N$5,0) -> #REF! | N15: =L15*M15 -> #REF! | O15: =#REF! -> #REF! | P15: =IF(O15<0,Pricing!E15*$Q$5,0) -> #REF! | Q15: =O15*P15 -> #REF! | R15: =#REF! -> #REF! | S15: =IF(R15<0,Pricing!E15*$T$5,0) -> #REF! | T15: =R15*S15 -> #REF!
A16: =$A15+1/24 -> 44531.375 | B16: =B15+1/24 -> 44531.417 | C16: =#REF! -> #REF! | D16: =IF(C16>0,Pricing!E16*$E$5,0) -> #REF! | E16: =C16*D16 -> #REF! | F16: =#REF! -> #REF! | G16: =IF(F16>0,Pricing!E16*$H$5,0) -> #REF! | H16: =F16*G16 -> #REF! | I16: =#REF! -> #REF! | J16: =IF(I16>0,Pricing!E16*$K$5,0) -> #REF! | K16: =I16*J16 -> #REF! | L16: =#REF! -> #REF! | M16: =IF(L16<0,Pricing!E16*$N$5,0) -> #REF! | N16: =L16*M16 -> #REF! | O16: =#REF! -> #REF! | P16: =IF(O16<0,Pricing!E16*$Q$5,0) -> #REF! | Q16: =O16*P16 -> #REF! | R16: =#REF! -> #REF! | S16: =IF(R16<0,Pricing!E16*$T$5,0) -> #REF! | T16: =R16*S16 -> #REF!
A17: =$A16+1/24 -> 44531.417 | B17: =B16+1/24 -> 44531.458 | C17: =#REF! -> #REF! | D17: =IF(C17>0,Pricing!E17*$E$5,0) -> #REF! | E17: =C17*D17 -> #REF! | F17: =#REF! -> #REF! | G17: =IF(F17>0,Pricing!E17*$H$5,0) -> #REF! | H17: =F17*G17 -> #REF! | I17: =#REF! -> #REF! | J17: =IF(I17>0,Pricing!E17*$K$5,0) -> #REF! | K17: =I17*J17 -> #REF! | L17: =#REF! -> #REF! | M17: =IF(L17<0,Pricing!E17*$N$5,0) -> #REF! | N17: =L17*M17 -> #REF! | O17: =#REF! -> #REF! | P17: =IF(O17<0,Pricing!E17*$Q$5,0) -> #REF! | Q17: =O17*P17 -> #REF! | R17: =#REF! -> #REF! | S17: =IF(R17<0,Pricing!E17*$T$5,0) -> #REF! | T17: =R17*S17 -> #REF!
A18: =$A17+1/24 -> 44531.458 | B18: =B17+1/24 -> 44531.5 | C18: =#REF! -> #REF! | D18: =IF(C18>0,Pricing!E18*$E$5,0) -> #REF! | E18: =C18*D18 -> #REF! | F18: =#REF! -> #REF! | G18: =IF(F18>0,Pricing!E18*$H$5,0) -> #REF! | H18: =F18*G18 -> #REF! | I18: =#REF! -> #REF! | J18: =IF(I18>0,Pricing!E18*$K$5,0) -> #REF! | K18: =I18*J18 -> #REF! | L18: =#REF! -> #REF! | M18: =IF(L18<0,Pricing!E18*$N$5,0) -> #REF! | N18: =L18*M18 -> #REF! | O18: =#REF! -> #REF! | P18: =IF(O18<0,Pricing!E18*$Q$5,0) -> #REF! | Q18: =O18*P18 -> #REF! | R18: =#REF! -> #REF! | S18: =IF(R18<0,Pricing!E18*$T$5,0) -> #REF! | T18: =R18*S18 -> #REF!
A19: =$A18+1/24 -> 44531.5 | B19: =B18+1/24 -> 44531.542 | C19: =#REF! -> #REF! | D19: =IF(C19>0,Pricing!E19*$E$5,0) -> #REF! | E19: =C19*D19 -> #REF! | F19: =#REF! -> #REF! | G19: =IF(F19>0,Pricing!E19*$H$5,0) -> #REF! | H19: =F19*G19 -> #REF! | I19: =#REF! -> #REF! | J19: =IF(I19>0,Pricing!E19*$K$5,0) -> #REF! | K19: =I19*J19 -> #REF! | L19: =#REF! -> #REF! | M19: =IF(L19<0,Pricing!E19*$N$5,0) -> #REF! | N19: =L19*M19 -> #REF! | O19: =#REF! -> #REF! | P19: =IF(O19<0,Pricing!E19*$Q$5,0) -> #REF! | Q19: =O19*P19 -> #REF! | R19: =#REF! -> #REF! | S19: =IF(R19<0,Pricing!E19*$T$5,0) -> #REF! | T19: =R19*S19 -> #REF!
... A750: =$A749+1/24 -> 44561.958 | B750: =B749+1/24 -> 44562 | C750: =#REF! -> #REF! | D750: =IF(C750>0,Pricing!E750*$E$5,0) -> #REF! | E750: =C750*D750 -> #REF! | F750: =#REF! -> #REF! | G750: =IF(F750>0,Pricing!E750*$H$5,0) -> #REF! | H750: =F750*G750 -> #REF! | I750: =#REF! -> #REF! | J750: =IF(I750>0,Pricing!E750*$K$5,0) -> #REF! | K750: =I750*J750 -> #REF! | L750: =#REF! -> #REF! | M750: =IF(L750<0,Pricing!E750*$N$5,0) -> #REF! | N750: =L750*M750 -> #REF! | O750: =#REF! -> #REF! | P750: =IF(O750<0,Pricing!E750*$Q$5,0) -> #REF! | Q750: =O750*P750 -> #REF! | R750: =#REF! -> #REF! | S750: =IF(R750<0,Pricing!E750*$T$5,0) -> #REF! | T750: =R750*S750 -> #REF!
B754: TOTALS | C754: =SUM(C7:C753) -> #REF! | E754: =SUM(E7:E753) -> #REF! | F754: =SUM(F7:F753) -> #REF! | H754: =SUM(H7:H753) -> #REF! | I754: =SUM(I7:I753) -> #REF! | K754: =SUM(K7:K753) -> #REF! | L754: =SUM(L7:L753) -> #REF! | N754: =SUM(N7:N753) -> #REF! | O754: =SUM(O7:O753) -> #REF! | Q754: =SUM(Q7:Q753) -> #REF! | R754: =SUM(R7:R753) -> #REF! | T754: =SUM(T7:T753) -> #REF!

Sheet EI Chart
AA1: =#REF! -> #REF! | AB1: =#REF! -> #REF! | AC1: =#REF! -> #REF! | AD1: =#REF! -> #REF! | AE1: =#REF! -> #REF! | AF1: =#REF! -> #REF!
AA3: =#REF! -> #REF! | AB3: =#REF! -> #REF! | AC3: =#REF!+AB3 -> #REF! | AD3: =-#REF! -> #REF! | AE3: =-#REF!+$AD3 -> #REF! | AF3: =#REF! -> #REF!
AA4: =#REF! -> #REF! | AB4: =#REF! -> #REF! | AC4: =#REF!+AB4 -> #REF! | AD4: =-#REF! -> #REF! | AE4: =-#REF!+$AD4 -> #REF! | AF4: =#REF! -> #REF!
AA5: =#REF! -> #REF! | AB5: =#REF! -> #REF! | AC5: =#REF!+AB5 -> #REF! | AD5: =-#REF! -> #REF! | AE5: =-#REF!+$AD5 -> #REF! | AF5: =#REF! -> #REF!
AA6: =#REF! -> #REF! | AB6: =#REF! -> #REF! | AC6: =#REF!+AB6 -> #REF! | AD6: =-#REF! -> #REF! | AE6: =-#REF!+$AD6 -> #REF! | AF6: =#REF! -> #REF!
AA7: =#REF! -> #REF! | AB7: =#REF! -> #REF! | AC7: =#REF!+AB7 -> #REF! | AD7: =-#REF! -> #REF! | AE7: =-#REF!+$AD7 -> #REF! | AF7: =#REF! -> #REF!
AA8: =#REF! -> #REF! | AB8: =#REF! -> #REF! | AC8: =#REF!+AB8 -> #REF! | AD8: =-#REF! -> #REF! | AE8: =-#REF!+$AD8 -> #REF! | AF8: =#REF! -> #REF!
AA9: =#REF! -> #REF! | AB9: =#REF! -> #REF! | AC9: =#REF!+AB9 -> #REF! | AD9: =-#REF! -> #REF! | AE9: =-#REF!+$AD9 -> #REF! | AF9: =#REF! -> #REF!
AA10: =#REF! -> #REF! | AB10: =#REF! -> #REF! | AC10: =#REF!+AB10 -> #REF! | AD10: =-#REF! -> #REF! | AE10: =-#REF!+$AD10 -> #REF! | AF10: =#REF! -> #REF!
AA11: =#REF! -> #REF! | AB11: =#REF! -> #REF! | AC11: =#REF!+AB11 -> #REF! | AD11: =-#REF! -> #REF! | AE11: =-#REF!+$AD11 -> #REF! | AF11: =#REF! -> #REF!
AA12: =#REF! -> #REF! | AB12: =#REF! -> #REF! | AC12: =#REF!+AB12 -> #REF! | AD12: =-#REF! -> #REF! | AE12: =-#REF!+$AD12 -> #REF! | AF12: =#REF! -> #REF!
AA13: =#REF! -> #REF! | AB13: =#REF! -> #REF! | AC13: =#REF!+AB13 -> #REF! | AD13: =-#REF! -> #REF! | AE13: =-#REF!+$AD13 -> #REF! | AF13: =#REF! -> #REF!
AA14: =#REF! -> #REF! | AB14: =#REF! -> #REF! | AC14: =#REF!+AB14 -> #REF! | AD14: =-#REF! -> #REF! | AE14: =-#REF!+$AD14 -> #REF! | AF14: =#REF! -> #REF!
... AA744: =#REF! -> #REF! | AB744: =#REF! -> #REF! | AC744: =#REF!+AB744 -> #REF! | AD744: =-#REF! -> #REF! | AE744: =-#REF!+$AD744 -> #REF! | AF744: =#REF! -> #REF!
